0,1,2,3,4,5,6,7,8,9,10,11,12,13,14,15,16,17,18,19,20,21,22,23,24,25,26,27,28,29,30,31,32,33,34,35,36,37,38,39,40,41,42,43,44,45,46,47,48,49,50,51,52,53,54,55,56,57,58,59,label
0.136,0.156,0.136,0.035,0.225,0.238,0.407,0.341,0.449,0.286,0.187,0.197,0.296,0.038,0.063,0.215,0.285,0.273,0.482,0.443,0.556,0.496,0.399,0.544,0.663,0.605,0.696,0.802,0.674,0.346,0.09,0.247,0.488,0.777,0.85,0.849,0.693,0.594,0.482,0.286,0.017,0.339,0.365,0.548,0.375,0.19,0.19,0.402,0.193,0.393,0.231,0.027,0.156,0.436,0.15,0.418,0.503,0.185,0.245,0.06,0
0.323,0.222,0.272,0.15,0.283,0.667,0.574,0.755,0.483,0.395,0.656,0.926,0.969,0.776,0.746,0.945,1.0,0.883,0.792,0.766,0.495,0.392,0.36,0.376,0.308,0.251,0.293,0.256,0.434,0.151,0.36,0.286,0.158,0.226,0.111,0.414,0.381,0.07,0.155,0.202,0.152,0.064,0.181,0.21,0.088,0.028,0.096,0.222,0.206,0.074,0.125,0.108,0.218,0.111,0.2,0.479,0.389,0.105,0.14,0.088,0
0.182,0.247,0.356,0.244,0.23,0.585,0.649,0.819,0.818,0.87,0.857,1.0,0.772,0.52,0.647,0.689,0.664,0.746,0.887,0.852,0.786,0.666,0.395,0.349,0.522,0.164,0.482,0.849,0.598,0.842,0.875,0.521,0.145,0.265,0.41,0.299,0.63,0.663,0.528,0.501,0.496,0.309,0.275,0.286,0.3,0.024,0.244,0.223,0.066,0.128,0.033,0.32,0.418,0.249,0.395,0.615,0.889,0.368,0.259,0.166,0
0.063,0.071,0.2,0.035,0.035,0.071,0.288,0.269,0.077,0.165,0.084,0.257,0.0,0.205,0.17,0.2,0.036,0.198,0.375,0.355,0.235,0.355,0.529,0.472,0.297,0.486,0.502,0.23,0.197,0.314,0.63,0.779,0.593,0.348,0.382,0.296,0.553,0.877,1.0,0.986,0.667,0.604,0.415,0.413,0.611,0.501,0.481,0.472,0.344,0.356,0.24,0.161,0.081,0.409,0.179,0.177,0.134,0.094,0.107,0.256,0
0.551,0.283,0.153,0.08,0.133,0.147,0.318,0.532,0.517,0.621,0.548,0.545,0.586,0.398,0.451,0.526,0.721,0.604,0.162,0.426,0.383,0.416,0.548,0.529,0.299,0.15,0.684,1.0,0.722,0.438,0.504,0.568,0.252,0.082,0.177,0.413,0.465,0.295,0.259,0.252,0.187,0.292,0.239,0.108,0.098,0.072,0.065,0.025,0.116,0.056,0.155,0.033,0.127,0.278,0.236,0.028,0.196,0.103,0.292,0.203,0
0.2,0.192,0.086,0.028,0.08,0.239,0.316,0.392,0.301,0.418,0.383,0.588,0.887,0.817,1.0,1.0,0.949,0.899,0.709,0.478,0.165,0.385,0.564,0.27,0.185,0.535,0.516,0.357,0.331,0.474,0.556,0.491,0.296,0.21,0.121,0.28,0.378,0.393,0.388,0.346,0.272,0.317,0.093,0.159,0.169,0.149,0.113,0.148,0.133,0.098,0.104,0.053,0.023,0.082,0.016,0.218,0.153,0.055,0.138,0.129,0
0.223,0.407,0.429,0.321,0.408,0.432,0.189,0.297,0.297,0.486,0.212,0.062,0.047,0.359,0.54,0.537,0.497,0.404,0.161,0.383,0.76,0.973,0.935,0.545,0.515,0.65,0.55,0.53,0.206,0.164,0.581,0.665,0.261,0.176,0.281,0.512,0.634,0.406,0.538,0.655,0.539,0.283,0.253,0.225,0.185,0.082,0.204,0.314,0.256,0.193,0.194,0.275,0.631,0.354,0.145,0.344,0.253,0.32,0.096,0.224,0
0.372,0.232,0.272,0.062,0.277,0.22,0.269,0.123,0.206,0.39,0.356,0.418,0.356,0.364,0.561,0.429,0.235,0.086,0.65,0.936,0.772,0.525,0.662,0.915,0.755,0.804,0.882,0.598,0.286,0.052,0.091,0.025,0.054,0.402,0.352,0.098,0.171,0.369,0.413,0.265,0.092,0.261,0.243,0.185,0.305,0.324,0.204,0.076,0.144,0.216,0.052,0.104,0.299,0.102,0.261,0.238,0.233,0.101,0.129,0.109,0
0.153,0.158,0.154,0.099,0.147,0.131,0.195,0.009,0.09,0.196,0.123,0.208,0.525,0.343,0.169,0.099,0.0,0.355,0.727,0.992,0.979,0.887,0.652,0.415,0.321,0.71,0.959,0.728,0.478,0.105,0.275,0.415,0.283,0.328,0.326,0.212,0.231,0.244,0.138,0.291,0.255,0.206,0.274,0.142,0.14,0.174,0.264,0.349,0.392,0.532,0.061,0.195,0.319,0.395,0.118,0.115,0.176,0.206,0.16,0.037,0
0.11,0.072,0.109,0.003,0.03,0.153,0.277,0.142,0.131,0.02,0.073,0.12,0.156,0.064,0.017,0.099,0.257,0.297,0.289,0.394,0.586,0.76,0.916,0.971,0.919,0.73,0.82,0.888,0.727,0.669,0.583,0.509,0.276,0.01,0.002,0.104,0.136,0.103,0.034,0.036,0.03,0.167,0.207,0.178,0.053,0.094,0.157,0.154,0.046,0.24,0.118,0.117,0.566,0.494,0.177,0.164,0.082,0.073,0.152,0.079,0
0.018,0.024,0.045,0.066,0.062,0.049,0.098,0.048,0.037,0.048,0.029,0.111,0.178,0.095,0.06,0.076,0.086,0.11,0.077,0.048,0.141,0.357,0.405,0.56,0.657,0.722,0.754,0.851,0.972,0.917,0.765,0.764,0.764,0.619,0.491,0.445,0.393,0.405,0.428,0.396,0.187,0.056,0.103,0.163,0.218,0.095,0.073,0.16,0.115,0.088,0.062,0.077,0.299,0.123,0.113,0.228,0.111,0.0,0.143,0.069,0
0.08,0.13,0.051,0.061,0.074,0.0,0.04,0.116,0.155,0.103,0.037,0.09,0.265,0.236,0.184,0.19,0.115,0.257,0.561,0.757,0.774,0.848,0.503,0.35,0.587,0.81,1.0,0.863,0.625,0.424,0.377,0.244,0.246,0.257,0.259,0.264,0.398,0.436,0.376,0.262,0.165,0.158,0.067,0.043,0.127,0.118,0.158,0.133,0.068,0.263,0.187,0.178,0.675,0.626,0.154,0.292,0.065,0.204,0.022,0.088,0
0.047,0.034,0.013,0.046,0.07,0.119,0.134,0.199,0.138,0.161,0.115,0.143,0.243,0.321,0.321,0.261,0.372,0.629,0.713,0.858,0.966,0.984,0.945,0.799,0.676,0.464,0.274,0.056,0.393,0.184,0.155,0.093,0.13,0.227,0.232,0.36,0.331,0.125,0.065,0.106,0.079,0.096,0.18,0.106,0.096,0.091,0.218,0.207,0.077,0.322,0.173,0.24,0.317,0.228,0.209,0.038,0.159,0.126,0.16,0.06,0
0.055,0.024,0.078,0.102,0.287,0.4,0.368,0.206,0.13,0.255,0.228,0.339,0.56,0.28,0.288,0.526,0.381,0.124,0.266,0.348,0.319,0.431,0.62,0.447,0.591,0.856,0.826,0.76,0.501,0.427,0.534,0.558,0.354,0.359,0.734,0.774,0.383,0.03,0.349,0.653,0.365,0.275,0.284,0.393,0.275,0.215,0.087,0.161,0.074,0.082,0.186,0.073,0.234,0.538,0.168,0.379,0.44,0.114,0.518,0.222,0
0.08,0.183,0.193,0.093,0.134,0.068,0.135,0.064,0.145,0.287,0.192,0.244,0.409,0.18,0.056,0.227,0.343,0.357,0.572,0.604,0.557,0.445,0.412,0.354,0.636,0.883,0.893,0.483,0.324,0.185,0.117,0.366,0.406,0.304,0.286,0.406,0.563,0.39,0.541,0.534,0.321,0.335,0.304,0.296,0.164,0.099,0.112,0.095,0.227,0.202,0.078,0.107,0.135,0.48,0.413,0.128,0.315,0.442,0.402,0.129,0
0.209,0.261,0.209,0.205,0.393,0.589,0.58,0.436,0.205,0.106,0.31,0.5,0.373,0.263,0.322,0.425,0.548,0.434,0.405,0.618,0.36,0.181,0.315,0.914,0.936,0.407,0.241,0.651,0.8,0.382,0.513,0.737,0.558,0.92,0.781,0.711,0.794,0.418,0.278,0.332,0.284,0.347,0.068,0.241,0.221,0.224,0.227,0.224,0.228,0.078,0.153,0.033,0.384,0.178,0.467,0.185,0.423,0.105,0.548,0.155,0
0.249,0.047,0.058,0.098,0.17,0.291,0.446,0.328,0.206,0.4,0.289,0.293,0.329,0.133,0.347,0.32,0.202,0.19,0.21,0.372,0.279,0.611,0.561,0.323,0.238,0.515,0.805,0.685,0.694,0.857,0.594,0.366,0.659,0.899,0.779,0.753,0.595,0.45,0.093,0.65,0.806,0.723,0.444,0.232,0.338,0.47,0.417,0.206,0.109,0.568,0.424,0.482,0.397,0.421,0.234,0.113,0.261,0.027,0.198,0.141,0
0.131,0.258,0.119,0.17,0.335,0.19,0.145,0.036,0.142,0.153,0.134,0.2,0.48,0.434,0.375,0.57,0.63,0.666,0.701,0.515,0.515,0.628,0.772,0.77,0.568,0.434,0.389,0.224,0.058,0.0,0.145,0.459,0.577,0.379,0.232,0.574,0.929,0.835,0.337,0.329,0.664,0.772,0.35,0.183,0.179,0.177,0.143,0.248,0.262,0.262,0.359,0.461,0.327,0.322,0.231,0.051,0.119,0.078,0.306,0.159,0
0.188,0.037,0.043,0.052,0.087,0.176,0.269,0.239,0.106,0.201,0.197,0.166,0.169,0.111,0.212,0.528,0.672,0.543,0.273,0.275,0.413,0.547,0.553,0.608,0.809,0.98,0.981,0.914,0.739,0.759,0.871,0.78,0.65,0.622,0.615,0.594,0.586,0.505,0.269,0.155,0.19,0.241,0.285,0.229,0.192,0.188,0.136,0.141,0.164,0.217,0.045,0.108,0.013,0.023,0.141,0.09,0.332,0.295,0.19,0.189,0
0.082,0.061,0.206,0.398,0.634,0.66,0.788,0.894,0.727,0.83,0.786,0.76,0.761,0.52,0.497,0.694,0.823,0.775,0.812,0.932,1.0,0.921,0.771,0.536,0.443,0.551,0.522,0.379,0.075,0.189,0.166,0.021,0.217,0.19,0.011,0.148,0.094,0.215,0.295,0.335,0.312,0.095,0.164,0.178,0.162,0.071,0.013,0.083,0.188,0.147,0.152,0.12,0.078,0.257,0.261,0.005,0.506,0.208,0.317,0.132,0
0.338,0.216,0.264,0.284,0.435,0.798,0.805,0.509,0.556,0.521,0.387,0.392,0.305,0.117,0.156,0.231,0.427,0.581,0.657,0.783,0.823,0.776,0.854,0.73,0.398,0.184,0.306,0.361,0.441,0.604,0.759,0.778,0.759,0.812,0.596,0.583,0.66,0.717,0.624,0.566,0.43,0.212,0.21,0.326,0.271,0.225,0.109,0.063,0.22,0.212,0.107,0.264,0.294,0.158,0.082,0.128,0.131,0.181,0.074,0.048,0
0.479,0.244,0.272,0.075,0.099,0.18,0.2,0.237,0.337,0.247,0.366,0.57,0.498,0.176,0.282,0.395,0.569,0.667,0.588,0.45,0.288,0.183,0.161,0.148,0.23,0.2,0.263,0.45,0.695,0.731,0.815,0.851,0.655,0.713,0.738,0.815,0.936,1.0,0.884,0.756,0.746,0.713,0.597,0.469,0.212,0.167,0.237,0.359,0.292,0.285,0.134,0.19,0.481,0.096,0.068,0.056,0.06,0.364,0.298,0.169,0
0.062,0.205,0.093,0.057,0.148,0.262,0.63,0.514,0.0,0.253,0.165,0.243,0.431,0.11,0.214,0.234,0.232,0.25,0.19,0.0,0.098,0.098,0.117,0.158,0.229,0.182,0.058,0.522,0.708,0.605,0.466,0.63,0.707,0.638,0.563,0.75,0.914,0.922,0.984,1.0,1.0,0.959,0.724,0.366,0.627,0.755,0.784,0.87,1.0,0.944,0.394,0.235,0.374,0.307,0.444,0.346,0.074,0.359,0.289,0.296,0
0.074,0.062,0.04,0.004,0.037,0.257,0.268,0.085,0.127,0.089,0.064,0.057,0.125,0.094,0.17,0.246,0.299,0.358,0.394,0.381,0.415,0.394,0.291,0.387,0.433,0.473,0.743,0.949,1.0,0.902,0.85,0.805,0.712,0.63,0.558,0.572,0.544,0.342,0.137,0.082,0.033,0.224,0.347,0.372,0.333,0.229,0.184,0.358,0.355,0.202,0.107,0.118,0.029,0.216,0.132,0.056,0.074,0.078,0.19,0.081,0
0.205,0.273,0.123,0.027,0.104,0.192,0.26,0.057,0.098,0.107,0.018,0.035,0.094,0.069,0.144,0.066,0.086,0.187,0.298,0.278,0.169,0.213,0.296,0.412,0.448,0.186,0.041,0.265,0.554,0.824,0.83,0.769,0.795,0.978,1.0,0.895,0.565,0.276,0.207,0.247,0.343,0.46,0.204,0.287,0.225,0.197,0.296,0.339,0.286,0.161,0.169,0.039,0.122,0.213,0.163,0.182,0.29,0.359,0.259,0.012,0
0.137,0.009,0.04,0.001,0.017,0.013,0.137,0.034,0.064,0.141,0.078,0.103,0.147,0.015,0.0,0.0,0.028,0.182,0.309,0.338,0.349,0.465,0.609,0.746,0.864,0.867,0.779,0.831,0.963,0.959,0.954,0.955,0.969,1.0,0.784,0.527,0.259,0.163,0.106,0.325,0.397,0.494,0.434,0.386,0.391,0.278,0.189,0.136,0.17,0.148,0.072,0.143,0.169,0.155,0.054,0.018,0.011,0.048,0.154,0.088,0
0.1,0.135,0.192,0.236,0.278,0.439,0.445,0.235,0.121,0.156,0.079,0.188,0.305,0.26,0.338,0.444,0.684,0.876,0.911,0.737,0.656,0.708,0.824,0.764,0.692,0.619,0.479,0.478,0.492,0.378,0.125,0.0,0.017,0.291,0.346,0.18,0.014,0.116,0.214,0.203,0.326,0.284,0.222,0.201,0.221,0.058,0.089,0.143,0.111,0.072,0.086,0.076,0.026,0.216,0.277,0.128,0.023,0.037,0.061,0.129,0
0.119,0.126,0.09,0.08,0.143,0.114,0.177,0.127,0.081,0.072,0.197,0.475,0.63,0.507,0.63,0.716,0.498,0.358,0.226,0.288,0.459,0.655,0.723,0.919,1.0,0.752,0.537,0.606,0.862,0.637,0.467,0.514,0.3,0.304,0.271,0.216,0.048,0.023,0.071,0.053,0.135,0.113,0.212,0.245,0.157,0.263,0.266,0.117,0.18,0.327,0.167,0.134,0.304,0.099,0.156,0.308,0.273,0.124,0.085,0.03,0
0.063,0.115,0.057,0.074,0.089,0.027,0.076,0.131,0.27,0.365,0.438,0.446,0.324,0.103,0.125,0.435,0.668,0.694,0.786,0.936,0.985,0.815,0.554,0.631,0.697,0.656,0.378,0.157,0.195,0.352,0.361,0.184,0.184,0.332,0.385,0.504,0.567,0.309,0.248,0.235,0.195,0.236,0.108,0.117,0.196,0.267,0.219,0.252,0.297,0.299,0.118,0.114,0.257,0.076,0.186,0.11,0.324,0.039,0.248,0.12,0
0.128,0.129,0.06,0.134,0.003,0.185,0.381,0.308,0.254,0.344,0.329,0.509,0.536,0.247,0.269,0.409,0.688,0.557,0.182,0.211,0.734,0.72,0.3,0.265,0.596,0.548,0.471,0.858,0.831,0.37,0.195,0.151,0.003,0.146,0.288,0.13,0.137,0.174,0.038,0.009,0.148,0.186,0.237,0.243,0.143,0.091,0.033,0.121,0.055,0.173,0.091,0.043,0.236,0.386,0.417,0.349,0.273,0.204,0.14,0.159,0
0.166,0.091,0.102,0.121,0.067,0.11,0.234,0.145,0.073,0.039,0.233,0.322,0.392,0.241,0.379,0.492,0.276,0.341,0.662,0.712,0.479,0.432,0.681,0.809,0.773,0.884,0.887,0.888,0.859,0.794,0.551,0.229,0.313,0.149,0.23,0.553,0.473,0.062,0.128,0.069,0.343,0.45,0.345,0.139,0.202,0.231,0.134,0.19,0.073,0.274,0.061,0.22,0.366,0.243,0.24,0.231,0.145,0.037,0.179,0.039,0
0.051,0.063,0.091,0.089,0.224,0.175,0.103,0.045,0.091,0.235,0.238,0.136,0.216,0.056,0.215,0.505,0.713,0.769,0.603,0.304,0.339,0.246,0.34,0.73,0.864,0.804,0.766,0.78,0.559,0.322,0.333,0.389,0.304,0.157,0.246,0.314,0.113,0.069,0.138,0.195,0.094,0.107,0.111,0.123,0.14,0.131,0.077,0.122,0.054,0.217,0.056,0.325,0.283,0.368,0.252,0.144,0.156,0.064,0.196,0.09,0
0.133,0.089,0.014,0.031,0.064,0.126,0.263,0.135,0.091,0.018,0.062,0.059,0.406,0.369,0.475,0.452,0.293,0.393,0.624,1.0,0.856,0.51,0.275,0.585,0.768,0.564,0.409,0.536,0.464,0.599,0.367,0.133,0.359,0.539,0.336,0.444,0.403,0.483,0.643,0.586,0.369,0.241,0.243,0.109,0.187,0.218,0.102,0.185,0.173,0.448,0.26,0.213,0.179,0.763,0.447,0.218,0.261,0.211,0.055,0.109,0
0.315,0.202,0.011,0.124,0.054,0.155,0.441,0.316,0.133,0.165,0.116,0.313,0.262,0.193,0.108,0.191,0.22,0.655,0.826,0.813,0.791,0.896,0.964,0.848,0.654,0.256,0.165,0.554,0.566,0.454,0.768,0.808,0.494,0.414,0.546,0.553,0.108,0.359,0.447,0.459,0.254,0.172,0.451,0.343,0.134,0.188,0.243,0.125,0.363,0.772,0.209,0.28,0.548,0.365,0.111,0.177,0.219,0.233,0.16,0.229,0
0.218,0.208,0.222,0.184,0.003,0.026,0.256,0.212,0.289,0.094,0.21,0.34,0.378,0.253,0.321,0.336,0.523,0.783,0.902,0.861,0.755,0.28,0.38,0.595,0.301,0.282,0.596,0.799,0.623,0.467,0.583,0.703,0.383,0.111,0.232,0.463,0.55,0.288,0.186,0.189,0.153,0.277,0.131,0.092,0.087,0.107,0.138,0.253,0.299,0.082,0.089,0.113,0.07,0.351,0.413,0.249,0.642,0.41,0.124,0.074,0
0.141,0.054,0.17,0.121,0.147,0.357,0.355,0.438,0.222,0.209,0.289,0.227,0.19,0.169,0.204,0.218,0.208,0.096,0.349,0.557,0.42,0.476,1.0,0.864,0.459,0.487,0.6,0.706,0.554,0.332,0.218,0.17,0.095,0.33,0.272,0.317,0.247,0.172,0.213,0.131,0.037,0.034,0.093,0.126,0.112,0.072,0.091,0.069,0.112,0.175,0.306,0.539,0.369,0.023,0.213,0.236,0.21,0.405,0.298,0.148,0
0.058,0.069,0.126,0.072,0.156,0.162,0.267,0.185,0.045,0.174,0.144,0.005,0.066,0.045,0.118,0.056,0.091,0.205,0.336,0.349,0.465,0.877,0.958,0.876,0.683,0.663,0.546,0.644,0.777,0.742,0.584,0.664,0.801,0.936,0.862,0.667,0.402,0.207,0.244,0.386,0.337,0.262,0.387,0.284,0.165,0.087,0.084,0.126,0.088,0.208,0.133,0.19,0.483,0.395,0.134,0.321,0.608,0.192,0.209,0.268,0
0.235,0.092,0.084,0.101,0.155,0.236,0.219,0.246,0.101,0.115,0.168,0.042,0.135,0.072,0.115,0.154,0.134,0.086,0.0,0.095,0.313,0.606,0.91,0.935,0.864,0.865,0.848,0.88,1.0,0.818,0.667,0.572,0.55,0.705,0.675,0.51,0.262,0.101,0.124,0.275,0.189,0.223,0.355,0.213,0.082,0.095,0.108,0.137,0.011,0.082,0.036,0.02,0.07,0.146,0.109,0.151,0.398,0.295,0.138,0.081,0
0.08,0.007,0.059,0.035,0.029,0.105,0.0,0.076,0.106,0.052,0.122,0.042,0.145,0.172,0.181,0.195,0.167,0.13,0.076,0.039,0.089,0.3,0.433,0.581,0.67,0.793,0.852,0.921,0.836,0.706,0.633,0.537,0.436,0.534,0.504,0.388,0.101,0.003,0.051,0.11,0.11,0.208,0.342,0.252,0.093,0.08,0.058,0.09,0.137,0.09,0.148,0.167,0.335,0.047,0.073,0.036,0.312,0.126,0.127,0.15,0
0.056,0.089,0.063,0.106,0.15,0.186,0.254,0.18,0.099,0.104,0.183,0.097,0.018,0.163,0.295,0.19,0.095,0.133,0.123,0.154,0.19,0.434,0.643,0.686,0.761,0.802,0.69,0.749,0.743,0.615,0.476,0.328,0.512,0.904,0.854,0.669,0.338,0.288,0.246,0.27,0.276,0.432,0.567,0.317,0.108,0.026,0.144,0.224,0.185,0.188,0.299,0.148,0.278,0.269,0.045,0.238,0.27,0.092,0.193,0.236,0
0.039,0.097,0.164,0.092,0.046,0.144,0.105,0.237,0.272,0.338,0.187,0.101,0.319,0.304,0.428,0.253,0.033,0.111,0.198,0.208,0.209,0.377,0.617,0.799,0.695,0.656,0.685,0.852,1.0,0.96,0.928,0.806,0.675,0.58,0.427,0.45,0.285,0.125,0.138,0.079,0.094,0.207,0.353,0.22,0.028,0.029,0.064,0.126,0.047,0.247,0.198,0.235,0.41,0.132,0.088,0.164,0.108,0.112,0.532,0.229,0
0.058,0.077,0.013,0.001,0.049,0.096,0.118,0.0,0.052,0.075,0.085,0.2,0.195,0.257,0.215,0.268,0.326,0.254,0.209,0.251,0.399,0.456,0.419,0.49,0.612,0.622,0.646,0.724,0.851,1.0,0.868,0.668,0.612,0.636,0.691,0.583,0.496,0.343,0.176,0.147,0.215,0.17,0.193,0.156,0.163,0.108,0.066,0.046,0.043,0.145,0.022,0.087,0.153,0.348,0.245,0.128,0.244,0.108,0.157,0.044,0
0.145,0.134,0.131,0.054,0.014,0.09,0.343,0.294,0.092,0.065,0.082,0.249,0.186,0.165,0.197,0.318,0.675,0.565,0.211,0.115,0.3,0.549,0.639,0.694,0.805,0.879,0.868,0.783,0.871,0.934,0.92,0.798,0.667,0.784,0.899,1.0,0.959,0.728,0.584,0.429,0.308,0.278,0.379,0.296,0.34,0.262,0.198,0.09,0.086,0.464,0.053,0.117,0.096,0.418,0.227,0.041,0.29,0.105,0.19,0.171,0
0.058,0.113,0.066,0.067,0.06,0.288,0.383,0.129,0.098,0.178,0.261,0.513,0.512,0.247,0.231,0.53,0.721,0.757,0.608,0.4,0.402,0.42,0.528,0.73,0.855,0.889,0.939,0.938,0.937,0.848,0.741,0.707,0.742,0.907,0.992,0.992,0.991,0.832,0.657,0.512,0.296,0.209,0.147,0.09,0.224,0.266,0.2,0.208,0.089,0.248,0.308,0.291,0.223,0.135,0.181,0.226,0.19,0.259,0.163,0.24,0
0.178,0.189,0.123,0.043,0.317,0.328,0.426,0.461,0.114,0.064,0.085,0.092,0.194,0.129,0.182,0.276,0.172,0.247,0.476,0.162,0.471,0.516,0.327,0.566,0.504,0.528,0.37,0.346,0.664,0.857,0.825,0.413,0.305,0.517,0.67,0.729,0.624,0.692,0.894,0.965,0.856,0.878,1.0,1.0,0.854,0.619,0.561,0.557,0.483,0.25,0.205,0.126,0.384,0.251,0.283,0.497,0.062,0.449,0.7,0.402,0
0.29,0.277,0.125,0.13,0.109,0.461,0.31,0.214,0.075,0.295,0.308,0.454,0.418,0.241,0.321,0.363,0.399,0.518,0.691,0.807,0.877,0.826,0.747,0.755,0.833,0.879,0.753,0.578,0.294,0.022,0.251,0.768,0.793,0.831,0.762,0.745,0.645,0.14,0.268,0.532,0.563,0.582,0.518,0.499,0.235,0.061,0.12,0.125,0.24,0.285,0.066,0.077,0.322,0.509,0.143,0.497,0.557,0.227,0.19,0.113,0
0.216,0.143,0.061,0.198,0.381,0.443,0.24,0.286,0.225,0.384,0.432,0.396,0.205,0.316,0.497,0.726,0.725,0.818,0.873,0.963,1.0,0.868,0.626,0.587,0.817,0.753,0.591,0.403,0.289,0.079,0.213,0.586,0.533,0.716,0.724,0.7,0.559,0.108,0.46,0.686,0.465,0.381,0.307,0.362,0.195,0.156,0.187,0.206,0.213,0.142,0.07,0.227,0.317,0.374,0.19,0.121,0.074,0.272,0.152,0.032,0
0.264,0.118,0.071,0.04,0.028,0.17,0.219,0.215,0.136,0.099,0.181,0.341,0.351,0.093,0.057,0.143,0.196,0.334,0.137,0.278,0.587,0.692,0.83,0.852,0.765,0.583,0.552,0.424,0.397,0.405,0.507,0.625,0.714,0.671,0.581,0.536,0.497,0.385,0.398,0.641,0.792,0.803,0.813,0.527,0.457,0.345,0.268,0.296,0.16,0.326,0.066,0.0,0.104,0.041,0.0,0.177,0.264,0.117,0.231,0.125,0
0.129,0.014,0.206,0.094,0.067,0.158,0.235,0.308,0.098,0.034,0.166,0.474,0.434,0.263,0.014,0.042,0.188,0.435,0.35,0.532,0.629,0.717,0.814,0.874,1.0,0.844,0.639,0.494,0.474,0.417,0.44,0.464,0.515,0.54,0.525,0.523,0.427,0.213,0.088,0.406,0.434,0.612,0.545,0.319,0.225,0.154,0.118,0.236,0.164,0.085,0.026,0.121,0.294,0.298,0.2,0.349,0.196,0.043,0.149,0.268,0
0.077,0.247,0.2,0.129,0.337,0.479,0.376,0.307,0.061,0.107,0.263,0.511,0.357,0.19,0.108,0.099,0.164,0.391,0.293,0.596,0.733,0.762,0.774,0.821,1.0,0.943,0.741,0.589,0.537,0.509,0.56,0.532,0.589,0.573,0.586,0.605,0.511,0.254,0.011,0.293,0.355,0.622,0.565,0.318,0.243,0.184,0.152,0.226,0.153,0.09,0.069,0.024,0.255,0.187,0.265,0.167,0.207,0.16,0.08,0.305,0
0.249,0.303,0.102,0.051,0.077,0.185,0.284,0.139,0.033,0.11,0.112,0.109,0.297,0.263,0.207,0.11,0.14,0.059,0.063,0.081,0.08,0.3,0.092,0.207,0.565,0.766,0.701,0.588,0.552,0.605,0.782,0.959,0.836,0.699,0.834,1.0,1.0,0.778,0.556,0.366,0.258,0.274,0.381,0.433,0.429,0.301,0.238,0.323,0.282,0.042,0.098,0.221,0.616,0.096,0.444,0.267,0.097,0.213,0.253,0.109,0
0.086,0.027,0.096,0.06,0.005,0.179,0.2,0.129,0.096,0.113,0.065,0.089,0.15,0.139,0.229,0.282,0.329,0.341,0.287,0.261,0.376,0.416,0.434,0.586,0.687,0.822,0.882,0.63,0.321,0.3,0.484,0.47,0.269,0.44,0.506,0.508,0.481,0.47,0.446,0.473,0.444,0.344,0.297,0.122,0.014,0.072,0.069,0.032,0.055,0.093,0.109,0.077,0.06,0.088,0.156,0.09,0.142,0.023,0.14,0.039,0
0.053,0.017,0.022,0.041,0.132,0.156,0.26,0.146,0.074,0.101,0.145,0.238,0.375,0.238,0.222,0.245,0.268,0.272,0.361,0.432,0.543,0.638,0.658,0.752,0.883,0.936,1.0,0.852,0.674,0.53,0.399,0.286,0.163,0.05,0.097,0.209,0.204,0.249,0.204,0.145,0.134,0.206,0.227,0.183,0.129,0.019,0.085,0.144,0.08,0.055,0.015,0.063,0.086,0.202,0.245,0.118,0.077,0.14,0.157,0.055,0
0.205,0.159,0.08,0.001,0.016,0.137,0.233,0.232,0.133,0.091,0.034,0.143,0.227,0.182,0.27,0.22,0.241,0.266,0.295,0.455,0.515,0.617,0.664,0.747,0.847,0.883,0.992,0.911,0.704,0.608,0.615,0.476,0.244,0.16,0.147,0.25,0.261,0.294,0.248,0.192,0.138,0.301,0.274,0.232,0.209,0.093,0.198,0.275,0.2,0.113,0.076,0.081,0.174,0.287,0.102,0.251,0.108,0.119,0.135,0.187,0
0.086,0.032,0.057,0.02,0.094,0.152,0.156,0.017,0.122,0.116,0.164,0.182,0.274,0.236,0.258,0.186,0.212,0.287,0.377,0.414,0.462,0.557,0.601,0.666,0.824,0.87,0.916,0.893,0.751,0.652,0.652,0.517,0.335,0.221,0.116,0.206,0.223,0.238,0.263,0.212,0.15,0.315,0.33,0.219,0.209,0.176,0.168,0.214,0.164,0.313,0.135,0.051,0.06,0.032,0.036,0.113,0.384,0.314,0.074,0.134,0
0.137,0.047,0.035,0.044,0.122,0.028,0.232,0.172,0.187,0.155,0.206,0.169,0.267,0.238,0.259,0.197,0.226,0.295,0.403,0.439,0.508,0.597,0.65,0.741,0.89,0.934,1.0,0.978,0.845,0.748,0.678,0.515,0.34,0.21,0.122,0.262,0.249,0.283,0.318,0.219,0.094,0.317,0.285,0.199,0.208,0.143,0.222,0.223,0.247,0.272,0.032,0.097,0.104,0.135,0.156,0.085,0.119,0.059,0.019,0.028,0
0.101,0.041,0.032,0.049,0.008,0.078,0.223,0.19,0.129,0.199,0.23,0.275,0.297,0.237,0.168,0.189,0.227,0.316,0.372,0.417,0.528,0.59,0.561,0.704,0.949,0.984,1.0,0.957,0.862,0.694,0.59,0.44,0.254,0.162,0.056,0.223,0.23,0.283,0.31,0.229,0.059,0.245,0.234,0.209,0.159,0.112,0.202,0.285,0.208,0.145,0.048,0.058,0.094,0.076,0.016,0.108,0.097,0.018,0.091,0.062,0
0.148,0.051,0.052,0.022,0.137,0.248,0.299,0.181,0.161,0.108,0.181,0.08,0.117,0.066,0.063,0.099,0.144,0.228,0.295,0.348,0.519,0.603,0.684,0.755,0.792,0.901,0.875,0.789,0.796,0.7,0.646,0.664,0.573,0.631,0.642,0.674,0.645,0.492,0.371,0.344,0.249,0.18,0.171,0.213,0.173,0.134,0.082,0.082,0.09,0.112,0.018,0.063,0.114,0.251,0.29,0.303,0.125,0.034,0.014,0.039,0
0.155,0.006,0.02,0.009,0.096,0.216,0.232,0.132,0.229,0.191,0.163,0.104,0.062,0.141,0.068,0.069,0.232,0.239,0.274,0.43,0.574,0.718,0.87,0.919,0.926,0.994,1.0,0.904,0.852,0.712,0.656,0.637,0.537,0.61,0.619,0.542,0.485,0.372,0.181,0.167,0.171,0.073,0.098,0.063,0.05,0.041,0.044,0.114,0.06,0.088,0.051,0.037,0.322,0.263,0.086,0.136,0.077,0.073,0.055,0.048,0
0.081,0.063,0.067,0.028,0.075,0.16,0.227,0.124,0.174,0.17,0.085,0.039,0.064,0.103,0.077,0.059,0.176,0.268,0.284,0.419,0.574,0.704,0.812,0.839,0.904,0.978,1.0,0.872,0.755,0.64,0.578,0.531,0.451,0.507,0.509,0.503,0.462,0.325,0.155,0.193,0.186,0.12,0.071,0.063,0.088,0.069,0.045,0.066,0.051,0.057,0.019,0.047,0.179,0.058,0.1,0.113,0.04,0.087,0.234,0.12,0
0.085,0.0,0.024,0.095,0.116,0.182,0.243,0.195,0.242,0.196,0.176,0.127,0.102,0.099,0.117,0.1,0.185,0.256,0.331,0.511,0.649,0.793,0.923,0.9,0.917,1.0,0.981,0.907,0.816,0.676,0.591,0.567,0.49,0.549,0.543,0.528,0.489,0.354,0.154,0.178,0.153,0.075,0.079,0.048,0.076,0.038,0.032,0.034,0.037,0.141,0.092,0.1,0.094,0.009,0.011,0.105,0.102,0.043,0.061,0.023,0
0.088,0.017,0.012,0.055,0.125,0.222,0.27,0.183,0.225,0.257,0.182,0.128,0.146,0.093,0.139,0.209,0.239,0.243,0.354,0.542,0.662,0.872,1.0,0.892,0.838,0.909,0.927,0.902,0.82,0.679,0.583,0.508,0.429,0.524,0.557,0.525,0.524,0.349,0.201,0.117,0.084,0.046,0.138,0.075,0.007,0.065,0.074,0.087,0.097,0.114,0.025,0.041,0.205,0.269,0.204,0.051,0.097,0.057,0.08,0.055,0
0.052,0.09,0.075,0.092,0.152,0.18,0.126,0.188,0.171,0.153,0.069,0.127,0.124,0.06,0.043,0.116,0.243,0.267,0.334,0.459,0.607,0.812,0.919,0.868,0.8,0.863,1.0,0.985,0.942,0.799,0.709,0.72,0.642,0.715,0.723,0.665,0.609,0.47,0.323,0.245,0.157,0.117,0.099,0.109,0.037,0.046,0.037,0.093,0.051,0.115,0.047,0.091,0.127,0.035,0.023,0.064,0.156,0.108,0.063,0.055,0
0.038,0.039,0.003,0.0,0.033,0.139,0.108,0.198,0.113,0.153,0.098,0.099,0.068,0.033,0.08,0.116,0.175,0.357,0.416,0.489,0.569,0.649,0.609,0.59,0.483,0.521,0.675,0.847,1.0,0.911,0.784,0.649,0.524,0.562,0.536,0.548,0.46,0.321,0.318,0.298,0.248,0.194,0.208,0.192,0.189,0.094,0.109,0.168,0.154,0.187,0.029,0.057,0.047,0.029,0.077,0.038,0.088,0.071,0.138,0.058,0
0.041,0.042,0.039,0.104,0.047,0.189,0.181,0.151,0.006,0.112,0.0,0.193,0.18,0.079,0.14,0.108,0.056,0.174,0.035,0.093,0.265,0.142,0.011,0.122,0.016,0.081,0.307,0.47,0.514,0.521,0.613,0.627,0.66,0.921,1.0,0.951,0.887,0.696,0.667,0.676,0.549,0.501,0.364,0.22,0.202,0.133,0.159,0.258,0.179,0.282,0.251,0.05,0.112,0.193,0.268,0.259,0.145,0.066,0.198,0.132,0
0.119,0.071,0.16,0.054,0.049,0.067,0.089,0.106,0.027,0.052,0.034,0.237,0.123,0.07,0.088,0.155,0.126,0.0,0.086,0.153,0.154,0.074,0.149,0.103,0.039,0.134,0.437,0.637,0.629,0.585,0.715,0.559,0.573,0.872,0.947,0.97,0.811,0.617,0.568,0.657,0.589,0.581,0.44,0.247,0.161,0.088,0.165,0.294,0.284,0.227,0.088,0.049,0.442,0.471,0.166,0.118,0.31,0.403,0.807,0.132,0
0.184,0.186,0.04,0.006,0.06,0.09,0.083,0.16,0.114,0.095,0.005,0.267,0.248,0.082,0.143,0.211,0.178,0.076,0.061,0.054,0.18,0.048,0.159,0.22,0.068,0.149,0.566,0.841,0.844,0.753,0.825,0.658,0.637,0.905,0.988,0.934,0.723,0.556,0.58,0.713,0.613,0.634,0.476,0.257,0.215,0.07,0.169,0.294,0.265,0.228,0.1,0.043,0.473,0.427,0.141,0.238,0.199,0.178,0.234,0.206,0
0.26,0.17,0.099,0.056,0.191,0.333,0.305,0.134,0.012,0.056,0.087,0.338,0.184,0.103,0.12,0.153,0.111,0.095,0.143,0.051,0.164,0.0,0.195,0.236,0.0,0.11,0.449,0.692,0.678,0.621,0.717,0.558,0.643,0.9,0.951,0.96,0.805,0.664,0.639,0.719,0.657,0.623,0.492,0.293,0.216,0.11,0.146,0.225,0.286,0.212,0.058,0.118,0.403,0.439,0.17,0.169,0.375,0.146,0.212,0.143,0
0.133,0.058,0.055,0.083,0.082,0.04,0.232,0.202,0.113,0.154,0.175,0.159,0.18,0.1,0.062,0.074,0.091,0.153,0.356,0.321,0.188,0.244,0.385,0.575,0.554,0.499,0.451,0.681,0.979,1.0,0.988,0.947,0.754,0.671,0.534,0.455,0.473,0.167,0.035,0.15,0.157,0.195,0.336,0.495,0.534,0.331,0.195,0.067,0.078,0.227,0.125,0.029,0.161,0.322,0.014,0.046,0.156,0.089,0.182,0.014,0
0.148,0.09,0.085,0.019,0.074,0.184,0.236,0.188,0.159,0.123,0.13,0.127,0.145,0.154,0.237,0.201,0.164,0.144,0.027,0.065,0.157,0.138,0.216,0.527,0.84,1.0,0.862,0.665,0.547,0.429,0.341,0.185,0.12,0.199,0.294,0.228,0.077,0.0,0.017,0.128,0.218,0.227,0.205,0.121,0.119,0.092,0.062,0.14,0.18,0.165,0.082,0.188,0.101,0.123,0.152,0.044,0.125,0.048,0.022,0.025,0
0.037,0.05,0.017,0.012,0.038,0.049,0.134,0.115,0.145,0.142,0.092,0.087,0.106,0.066,0.146,0.153,0.095,0.104,0.063,0.067,0.172,0.273,0.389,0.607,0.812,0.958,0.819,0.569,0.459,0.312,0.245,0.113,0.146,0.208,0.219,0.166,0.026,0.025,0.156,0.254,0.304,0.364,0.294,0.191,0.157,0.162,0.11,0.1,0.139,0.121,0.023,0.087,0.052,0.05,0.104,0.082,0.065,0.076,0.014,0.067,0
0.015,0.031,0.025,0.078,0.117,0.294,0.327,0.214,0.172,0.111,0.092,0.148,0.204,0.131,0.182,0.16,0.117,0.143,0.101,0.099,0.184,0.18,0.297,0.573,0.847,1.0,0.838,0.653,0.55,0.353,0.3,0.185,0.152,0.214,0.299,0.221,0.049,0.038,0.084,0.202,0.262,0.299,0.256,0.122,0.132,0.132,0.069,0.13,0.17,0.067,0.079,0.158,0.13,0.073,0.068,0.0,0.043,0.105,0.063,0.023,0
0.142,0.077,0.038,0.036,0.138,0.137,0.157,0.099,0.135,0.14,0.11,0.138,0.159,0.136,0.165,0.179,0.131,0.132,0.095,0.082,0.202,0.266,0.395,0.636,0.904,1.0,0.799,0.601,0.519,0.326,0.247,0.069,0.091,0.145,0.177,0.172,0.009,0.074,0.147,0.258,0.323,0.35,0.246,0.09,0.108,0.125,0.08,0.073,0.134,0.115,0.139,0.094,0.151,0.208,0.184,0.103,0.071,0.037,0.132,0.039,0
0.091,0.093,0.024,0.012,0.038,0.009,0.169,0.198,0.105,0.129,0.138,0.087,0.044,0.059,0.149,0.126,0.074,0.161,0.263,0.277,0.346,0.556,0.733,0.873,0.902,0.726,0.67,0.696,0.58,0.337,0.188,0.25,0.23,0.286,0.18,0.223,0.31,0.259,0.269,0.293,0.269,0.251,0.196,0.23,0.263,0.235,0.163,0.196,0.225,0.133,0.024,0.077,0.174,0.301,0.014,0.046,0.062,0.128,0.105,0.097,0
0.069,0.037,0.035,0.076,0.155,0.205,0.263,0.134,0.128,0.132,0.097,0.039,0.196,0.323,0.479,0.652,0.766,0.774,0.806,0.8,0.821,0.85,0.88,0.887,0.895,0.963,1.0,0.911,0.671,0.431,0.263,0.287,0.133,0.201,0.24,0.221,0.197,0.127,0.0,0.0,0.015,0.028,0.077,0.056,0.052,0.003,0.059,0.077,0.092,0.131,0.124,0.098,0.047,0.313,0.107,0.187,0.207,0.121,0.149,0.076,0
0.138,0.042,0.102,0.043,0.188,0.383,0.303,0.122,0.184,0.18,0.079,0.005,0.154,0.286,0.557,0.795,0.828,0.798,0.854,0.868,0.938,0.939,0.937,1.0,0.972,0.924,0.932,0.724,0.434,0.28,0.401,0.473,0.373,0.295,0.229,0.128,0.239,0.195,0.129,0.149,0.056,0.063,0.111,0.163,0.164,0.078,0.077,0.127,0.119,0.007,0.187,0.17,0.197,0.167,0.084,0.156,0.131,0.117,0.198,0.111,0
0.165,0.078,0.148,0.091,0.15,0.172,0.364,0.23,0.194,0.181,0.092,0.003,0.189,0.266,0.573,0.826,0.862,0.806,0.9,0.898,1.0,0.998,0.986,0.976,0.898,0.97,0.966,0.756,0.435,0.342,0.463,0.405,0.305,0.314,0.204,0.066,0.256,0.156,0.036,0.103,0.039,0.03,0.115,0.188,0.192,0.054,0.099,0.14,0.101,0.115,0.154,0.118,0.379,0.205,0.027,0.19,0.119,0.053,0.096,0.042,0
0.237,0.123,0.151,0.114,0.184,0.189,0.298,0.259,0.172,0.104,0.01,0.066,0.219,0.308,0.459,0.617,0.723,0.776,0.788,0.814,1.0,0.981,0.96,0.959,0.91,0.899,0.783,0.576,0.338,0.386,0.452,0.338,0.249,0.279,0.155,0.047,0.092,0.08,0.051,0.185,0.105,0.091,0.049,0.163,0.16,0.069,0.172,0.203,0.131,0.206,0.033,0.203,0.275,0.064,0.066,0.423,0.381,0.027,0.187,0.104,0
0.159,0.148,0.005,0.058,0.069,0.204,0.461,0.286,0.146,0.033,0.041,0.168,0.301,0.388,0.521,0.68,0.743,0.767,0.759,0.853,1.0,0.885,0.794,0.873,0.904,0.937,0.879,0.64,0.287,0.193,0.274,0.211,0.189,0.14,0.083,0.027,0.079,0.103,0.101,0.146,0.087,0.047,0.099,0.178,0.118,0.09,0.153,0.178,0.251,0.379,0.153,0.14,0.239,0.035,0.104,0.174,0.151,0.08,0.116,0.055,0
0.069,0.034,0.014,0.096,0.174,0.211,0.266,0.097,0.059,0.04,0.116,0.172,0.29,0.279,0.41,0.467,0.522,0.613,0.691,0.777,0.947,1.0,0.962,0.942,0.862,0.768,0.632,0.433,0.466,0.59,0.485,0.314,0.342,0.331,0.085,0.06,0.003,0.008,0.139,0.224,0.153,0.072,0.021,0.1,0.093,0.029,0.092,0.116,0.132,0.122,0.16,0.03,0.19,0.304,0.175,0.138,0.0,0.046,0.069,0.048,0
0.158,0.156,0.008,0.075,0.098,0.363,0.589,0.25,0.1,0.217,0.343,0.458,0.562,0.426,0.547,0.718,0.807,0.915,1.0,0.938,0.907,0.933,0.733,0.503,0.396,0.278,0.683,0.868,0.9,0.788,0.425,0.103,0.129,0.241,0.289,0.225,0.108,0.174,0.222,0.291,0.145,0.0,0.045,0.148,0.189,0.038,0.138,0.189,0.156,0.291,0.115,0.08,0.044,0.327,0.329,0.133,0.065,0.059,0.284,0.363,0
0.063,0.081,0.046,0.102,0.196,0.244,0.431,0.445,0.388,0.411,0.419,0.488,0.542,0.508,0.694,0.845,1.0,0.925,0.843,0.787,0.804,0.88,0.714,0.601,0.709,0.83,0.613,0.466,0.624,0.697,0.602,0.43,0.381,0.401,0.154,0.191,0.221,0.099,0.128,0.331,0.186,0.244,0.164,0.145,0.277,0.301,0.35,0.449,0.39,0.238,0.122,0.174,0.177,0.196,0.156,0.144,0.219,0.037,0.143,0.03,0
0.291,0.178,0.183,0.017,0.029,0.246,0.276,0.224,0.33,0.307,0.295,0.452,0.524,0.471,0.68,0.752,0.95,0.982,0.881,0.815,0.743,0.818,0.679,0.636,0.687,0.781,0.585,0.597,0.886,0.846,0.554,0.28,0.332,0.485,0.275,0.083,0.185,0.138,0.004,0.127,0.141,0.261,0.22,0.125,0.315,0.375,0.339,0.318,0.336,0.491,0.113,0.029,0.081,0.278,0.259,0.213,0.165,0.133,0.08,0.166,0
0.149,0.143,0.124,0.042,0.257,0.285,0.369,0.21,0.159,0.238,0.537,0.568,0.545,0.496,0.65,0.805,0.981,1.0,0.938,0.834,0.8,0.843,0.599,0.571,0.769,0.802,0.538,0.278,0.494,0.641,0.574,0.41,0.343,0.346,0.139,0.135,0.195,0.154,0.067,0.248,0.218,0.241,0.092,0.207,0.237,0.233,0.331,0.42,0.255,0.272,0.095,0.033,0.255,0.199,0.161,0.231,0.08,0.062,0.033,0.145,0
0.268,0.134,0.134,0.069,0.436,0.412,0.231,0.168,0.252,0.277,0.404,0.422,0.504,0.372,0.584,0.784,0.973,1.0,0.983,0.851,0.836,0.904,0.56,0.389,0.585,0.647,0.621,0.486,0.551,0.449,0.463,0.327,0.367,0.39,0.214,0.096,0.105,0.05,0.232,0.334,0.265,0.325,0.222,0.075,0.175,0.302,0.398,0.322,0.214,0.196,0.093,0.054,0.101,0.199,0.218,0.156,0.165,0.135,0.116,0.109,0
0.258,0.697,0.533,0.324,0.27,0.324,0.562,0.488,0.432,0.518,0.39,0.022,0.359,0.528,0.619,0.722,0.829,0.677,0.416,0.349,0.537,0.749,0.821,1.0,0.873,0.68,0.686,0.487,0.385,0.409,0.391,0.041,0.099,0.02,0.345,0.682,0.735,0.334,0.025,0.317,0.418,0.465,0.308,0.265,0.325,0.234,0.287,0.537,0.516,0.183,0.222,0.146,0.171,0.57,0.358,0.151,0.213,0.208,0.3,0.143,0
0.128,0.156,0.308,0.182,0.046,0.104,0.376,0.423,0.266,0.242,0.262,0.189,0.258,0.471,0.729,0.778,0.783,0.597,0.39,0.23,0.489,0.751,0.851,1.0,0.842,0.647,0.682,0.572,0.47,0.489,0.41,0.133,0.125,0.04,0.383,0.712,0.762,0.325,0.023,0.28,0.445,0.466,0.316,0.258,0.328,0.259,0.355,0.509,0.69,0.482,0.142,0.121,0.073,0.301,0.054,0.136,0.247,0.124,0.185,0.042,0
0.62,0.192,0.121,0.034,0.081,0.116,0.57,0.674,0.409,0.377,0.343,0.104,0.12,0.438,0.673,0.665,0.696,0.546,0.346,0.221,0.504,0.765,0.856,0.929,0.936,0.587,0.582,0.672,0.497,0.55,0.466,0.224,0.242,0.189,0.52,0.739,0.812,0.42,0.11,0.369,0.477,0.507,0.395,0.288,0.371,0.384,0.433,0.605,0.669,0.434,0.127,0.234,0.345,0.202,0.07,0.121,0.724,0.227,0.099,0.072,0
0.191,0.101,0.199,0.119,0.269,0.234,0.484,0.373,0.202,0.242,0.294,0.098,0.225,0.386,0.517,0.728,0.903,0.923,0.73,0.407,0.484,0.688,0.762,0.832,0.722,0.603,0.554,0.397,0.34,0.407,0.238,0.182,0.154,0.059,0.358,0.581,0.489,0.204,0.066,0.341,0.42,0.356,0.218,0.227,0.239,0.1,0.216,0.388,0.378,0.081,0.254,0.15,0.268,0.219,0.093,0.179,0.287,0.362,0.603,0.386,0
0.162,0.122,0.241,0.11,0.041,0.197,0.174,0.429,0.415,0.509,0.381,0.088,0.249,0.492,0.634,0.676,0.741,0.646,0.422,0.247,0.37,0.672,0.82,1.0,0.82,0.682,0.761,0.601,0.486,0.536,0.482,0.159,0.14,0.095,0.448,0.662,0.664,0.185,0.167,0.526,0.529,0.487,0.311,0.179,0.253,0.267,0.312,0.456,0.469,0.217,0.241,0.107,0.083,0.249,0.224,0.067,0.366,0.149,0.295,0.194,0
0.082,0.22,0.199,0.109,0.255,0.668,0.614,0.444,0.495,0.596,0.387,0.142,0.448,0.56,0.695,0.976,1.0,0.927,0.601,0.421,0.473,0.492,0.691,0.838,0.806,0.746,0.801,0.609,0.224,0.211,0.634,0.714,0.255,0.443,0.85,0.716,0.487,0.569,0.487,0.299,0.028,0.136,0.354,0.362,0.295,0.091,0.089,0.103,0.087,0.348,0.027,0.285,0.112,0.553,0.272,0.046,0.097,0.071,0.311,0.164,0
0.176,0.344,0.162,0.044,0.42,1.0,1.0,0.778,0.497,0.298,0.335,0.438,0.777,0.685,0.794,0.711,0.328,0.17,0.23,0.39,0.503,0.334,0.092,0.534,0.625,0.748,0.668,0.796,0.804,0.82,0.797,0.522,0.098,0.271,0.497,0.474,0.11,0.199,0.255,0.405,0.298,0.134,0.22,0.167,0.129,0.11,0.103,0.059,0.058,0.183,0.085,0.243,0.177,0.202,0.073,0.287,0.085,0.082,0.22,0.109,0
0.181,0.08,0.079,0.001,0.072,0.161,0.333,0.226,0.214,0.217,0.105,0.286,0.195,0.243,0.292,0.287,0.036,0.107,0.263,0.349,0.325,0.223,0.386,0.557,0.6,0.595,0.637,0.76,1.0,0.836,0.548,0.454,0.493,0.43,0.162,0.072,0.02,0.158,0.231,0.222,0.279,0.34,0.224,0.105,0.048,0.128,0.184,0.093,0.105,0.385,0.131,0.157,0.299,0.12,0.145,0.028,0.091,0.011,0.118,0.164,0
0.327,0.185,0.109,0.095,0.0,0.212,0.478,0.372,0.226,0.185,0.341,0.443,0.628,0.568,0.445,0.211,0.188,0.294,0.255,0.383,0.416,0.221,0.62,0.894,0.889,0.728,0.668,0.834,1.0,0.826,0.539,0.469,0.797,0.717,0.378,0.149,0.136,0.185,0.507,0.508,0.23,0.433,0.36,0.233,0.05,0.065,0.058,0.122,0.082,0.107,0.121,0.084,0.07,0.289,0.358,0.377,0.19,0.188,0.32,0.115,0
0.007,0.13,0.051,0.04,0.093,0.302,0.518,0.354,0.191,0.188,0.1,0.295,0.325,0.306,0.302,0.229,0.002,0.135,0.268,0.365,0.327,0.181,0.429,0.677,0.72,0.686,0.696,0.847,1.0,0.754,0.475,0.372,0.59,0.519,0.242,0.084,0.065,0.198,0.328,0.215,0.178,0.352,0.286,0.196,0.106,0.083,0.125,0.134,0.174,0.099,0.108,0.201,0.187,0.076,0.245,0.208,0.278,0.03,0.074,0.018,0
0.204,0.169,0.248,0.179,0.115,0.255,0.03,0.136,0.181,0.148,0.093,0.082,0.01,0.095,0.102,0.192,0.125,0.241,0.346,0.36,0.312,0.12,0.068,0.265,0.129,0.188,0.419,0.745,0.902,0.767,0.467,0.234,0.514,0.643,0.35,0.453,0.657,0.633,0.543,0.342,0.224,0.073,0.0,0.0,0.0,0.0,0.0,0.0,0.0,0.0,0.0,0.068,0.603,0.567,0.1,0.341,0.457,0.178,0.38,0.242,0
0.122,0.06,0.004,0.02,0.09,0.1,0.089,0.151,0.196,0.133,0.087,0.064,0.117,0.081,0.032,0.109,0.132,0.34,0.291,0.25,0.168,0.193,0.161,0.209,0.052,0.115,0.379,0.628,0.794,0.735,0.549,0.203,0.441,0.452,0.212,0.318,0.451,0.541,0.648,0.57,0.245,0.27,0.231,0.116,0.076,0.051,0.179,0.286,0.16,0.172,0.076,0.307,0.649,0.395,0.515,0.095,0.043,0.103,0.242,0.182,0
0.351,0.117,0.19,0.288,0.432,0.485,0.591,0.157,0.173,0.274,0.093,0.331,0.291,0.301,0.332,0.322,0.252,0.27,0.258,0.115,0.29,0.37,0.314,0.53,0.511,0.391,0.51,0.519,0.382,0.303,0.393,0.476,0.536,0.585,0.627,0.754,0.716,0.602,0.528,0.6,0.712,0.579,0.483,0.361,0.282,0.334,0.324,0.511,0.385,0.288,0.267,0.104,0.322,0.442,0.129,0.295,0.543,0.314,0.912,1.0,1
0.957,1.0,1.0,1.0,1.0,0.454,0.492,0.0,0.275,0.303,0.371,0.296,0.425,0.312,0.364,0.386,0.418,0.446,0.501,0.33,0.182,0.179,0.4,0.645,0.495,0.207,0.387,0.583,0.517,0.38,0.352,0.221,0.041,0.13,0.273,0.453,0.369,0.311,0.362,0.443,0.376,0.324,0.214,0.251,0.4,0.308,0.348,0.449,0.336,0.234,0.155,0.505,0.532,0.421,0.395,0.023,0.293,0.284,0.488,0.52,1
0.137,0.179,0.177,0.172,0.14,0.207,0.316,0.585,0.167,0.024,0.278,0.349,0.228,0.354,0.452,0.549,0.442,0.356,0.311,0.215,0.198,0.093,0.211,0.505,0.363,0.348,0.512,0.497,0.446,0.388,0.369,0.397,0.439,0.399,0.202,0.175,0.073,0.179,0.304,0.39,0.296,0.361,0.331,0.248,0.293,0.24,0.152,0.31,0.324,0.185,0.081,0.261,0.46,0.439,0.644,0.221,0.679,0.506,0.521,0.208,1
0.453,0.454,0.496,0.278,0.347,0.292,0.23,0.188,0.301,0.498,0.734,0.728,0.712,0.528,0.655,0.869,0.978,0.931,0.781,0.72,0.674,0.371,0.011,0.027,0.254,0.211,0.184,0.167,0.027,0.204,0.163,0.167,0.205,0.185,0.25,0.127,0.079,0.171,0.15,0.012,0.11,0.21,0.2,0.209,0.101,0.018,0.144,0.228,0.059,0.074,0.256,0.116,0.668,0.287,0.299,0.469,0.645,0.124,0.309,0.289,1
0.236,0.055,0.224,0.267,0.071,0.29,0.518,0.342,0.438,0.609,0.744,0.811,0.984,0.701,0.736,0.736,0.857,0.944,0.872,0.777,0.553,0.291,0.0,0.0,0.237,0.434,0.478,0.424,0.274,0.126,0.335,0.35,0.299,0.307,0.349,0.068,0.162,0.149,0.152,0.161,0.025,0.11,0.14,0.105,0.111,0.067,0.08,0.176,0.187,0.224,0.301,0.337,0.59,0.243,0.347,0.485,0.082,0.856,0.344,0.346,1
0.422,0.516,0.412,0.342,0.347,0.123,0.216,0.136,0.192,0.32,0.414,0.589,0.722,0.479,0.594,0.718,0.9,0.908,0.866,0.752,0.718,0.512,0.269,0.3,0.208,0.079,0.133,0.16,0.193,0.113,0.249,0.303,0.307,0.448,0.493,0.276,0.145,0.234,0.298,0.198,0.066,0.047,0.101,0.093,0.058,0.076,0.196,0.341,0.387,0.321,0.214,0.461,0.275,0.228,0.345,0.303,0.099,0.224,0.625,0.273,1
0.108,0.106,0.081,0.078,0.147,0.099,0.277,0.294,0.077,0.175,0.38,0.662,0.791,0.559,0.641,0.745,0.896,1.0,0.967,0.896,0.756,0.693,0.644,0.587,0.356,0.0,0.0,0.061,0.091,0.117,0.303,0.473,0.364,0.513,0.472,0.346,0.215,0.379,0.348,0.152,0.045,0.163,0.201,0.049,0.09,0.061,0.048,0.067,0.094,0.093,0.136,0.09,0.2,0.649,0.435,0.179,0.091,0.222,0.129,0.03,1
0.215,0.222,0.21,0.11,0.138,0.128,0.171,0.134,0.205,0.383,0.509,0.697,0.691,0.485,0.559,0.73,0.817,0.914,0.997,0.99,0.815,0.642,0.574,0.474,0.298,0.069,0.053,0.0,0.088,0.216,0.241,0.284,0.257,0.401,0.352,0.312,0.466,0.415,0.153,0.355,0.677,0.536,0.241,0.183,0.084,0.079,0.122,0.081,0.124,0.23,0.063,0.447,0.478,0.371,0.615,0.379,0.139,0.27,0.339,0.113,1
0.074,0.074,0.143,0.247,0.468,0.221,0.197,0.229,0.101,0.128,0.313,0.55,0.522,0.462,0.615,0.641,0.795,0.918,0.982,0.961,0.857,0.829,0.817,0.796,0.601,0.433,0.407,0.414,0.432,0.343,0.278,0.296,0.286,0.22,0.195,0.229,0.312,0.423,0.346,0.283,0.161,0.211,0.284,0.136,0.081,0.042,0.043,0.141,0.051,0.069,0.031,0.221,0.244,0.216,0.599,0.7,0.267,0.117,0.405,0.199,1
0.233,0.179,0.151,0.181,0.195,0.176,0.092,0.2,0.07,0.011,0.086,0.22,0.252,0.261,0.329,0.494,0.623,0.698,0.825,0.864,0.797,0.745,0.738,0.723,0.608,0.443,0.425,0.393,0.446,0.374,0.29,0.313,0.338,0.378,0.434,0.473,0.477,0.445,0.371,0.451,0.429,0.446,0.5,0.361,0.182,0.153,0.236,0.236,0.22,0.272,0.132,0.1,0.439,0.485,0.073,0.321,0.179,0.094,0.366,0.199,1
0.305,0.235,0.228,0.133,0.291,0.382,0.409,0.074,0.079,0.0,0.137,0.328,0.407,0.358,0.45,0.532,0.646,0.7,0.748,0.858,0.833,0.793,0.829,0.93,0.852,0.577,0.384,0.307,0.301,0.207,0.314,0.456,0.475,0.519,0.508,0.458,0.425,0.415,0.412,0.47,0.387,0.399,0.332,0.326,0.304,0.245,0.183,0.158,0.229,0.143,0.009,0.191,0.452,0.202,0.122,0.326,0.244,0.185,0.309,0.099,1
0.431,0.201,0.159,0.078,0.243,0.18,0.222,0.086,0.151,0.034,0.183,0.262,0.3,0.264,0.38,0.458,0.657,0.859,0.933,0.932,0.91,0.914,0.927,0.857,0.726,0.533,0.387,0.394,0.406,0.27,0.267,0.311,0.281,0.415,0.386,0.415,0.457,0.42,0.46,0.361,0.328,0.405,0.322,0.341,0.249,0.128,0.096,0.024,0.173,0.166,0.028,0.007,0.0,0.635,0.46,0.197,0.324,0.254,0.306,0.217,1
0.184,0.028,0.107,0.175,0.248,0.183,0.374,0.247,0.056,0.119,0.12,0.089,0.077,0.175,0.261,0.41,0.487,0.658,0.781,0.827,0.869,0.941,1.0,0.993,0.956,0.851,0.707,0.568,0.489,0.455,0.392,0.229,0.136,0.24,0.337,0.371,0.28,0.2,0.295,0.374,0.392,0.536,0.422,0.253,0.123,0.231,0.361,0.364,0.317,0.392,0.252,0.294,0.668,0.488,0.07,0.164,0.335,0.169,0.212,0.139,1
0.144,0.049,0.062,0.233,0.408,0.085,0.187,0.17,0.062,0.082,0.119,0.221,0.364,0.29,0.356,0.492,0.587,0.633,0.797,0.894,0.885,0.932,1.0,0.908,0.846,0.765,0.757,0.765,0.621,0.393,0.174,0.089,0.124,0.255,0.372,0.391,0.317,0.2,0.303,0.425,0.461,0.483,0.436,0.324,0.299,0.162,0.208,0.165,0.148,0.222,0.104,0.155,0.249,0.149,0.057,0.244,0.219,0.238,0.441,0.293,1
0.38,0.377,0.651,0.605,0.801,0.576,0.158,0.492,0.13,0.09,0.187,0.292,0.363,0.319,0.425,0.405,0.55,0.68,0.847,0.918,0.913,1.0,0.95,0.908,0.83,0.675,0.636,0.432,0.235,0.15,0.105,0.066,0.108,0.231,0.431,0.498,0.447,0.435,0.375,0.303,0.353,0.602,0.47,0.179,0.256,0.178,0.095,0.245,0.237,0.138,0.298,0.337,0.504,0.722,0.172,0.377,0.477,0.327,0.366,0.115,1
0.324,0.2,0.224,0.229,0.337,0.374,0.393,0.158,0.162,0.223,0.356,0.452,0.551,0.415,0.534,0.534,0.676,0.797,0.915,0.911,1.0,0.997,0.904,0.787,0.662,0.485,0.325,0.226,0.306,0.337,0.289,0.147,0.258,0.532,0.583,0.54,0.455,0.312,0.3,0.225,0.152,0.315,0.385,0.262,0.164,0.126,0.16,0.068,0.192,0.172,0.136,0.16,0.096,0.667,0.279,0.205,0.611,0.728,0.421,0.109,1
0.198,0.254,0.211,0.041,0.196,0.422,0.303,0.23,0.192,0.237,0.242,0.386,0.445,0.361,0.415,0.496,0.604,0.795,0.93,0.936,0.924,0.944,0.823,0.772,0.693,0.576,0.56,0.429,0.362,0.243,0.186,0.147,0.326,0.396,0.27,0.234,0.357,0.305,0.358,0.507,0.428,0.44,0.3,0.187,0.145,0.152,0.119,0.081,0.123,0.217,0.109,0.198,0.429,0.433,0.091,0.177,0.145,0.069,0.121,0.169,1
0.073,0.093,0.083,0.078,0.292,0.527,0.394,0.193,0.189,0.241,0.311,0.401,0.502,0.425,0.524,0.671,0.731,0.822,0.898,0.955,1.0,0.998,0.883,0.743,0.628,0.641,0.707,0.673,0.545,0.445,0.375,0.239,0.064,0.125,0.238,0.325,0.27,0.183,0.2,0.221,0.231,0.344,0.336,0.248,0.179,0.138,0.172,0.362,0.367,0.211,0.212,0.372,0.382,0.722,0.206,0.095,0.134,0.325,0.281,0.044,1
0.294,0.184,0.142,0.187,0.089,0.299,0.533,0.322,0.11,0.266,0.286,0.409,0.54,0.493,0.586,0.656,0.732,0.793,0.838,0.779,0.874,0.835,0.772,0.844,0.737,0.607,0.529,0.333,0.307,0.291,0.172,0.071,0.283,0.406,0.415,0.449,0.367,0.349,0.366,0.368,0.466,0.514,0.369,0.362,0.34,0.051,0.146,0.162,0.089,0.079,0.221,0.053,0.34,0.301,0.107,0.413,0.392,0.169,0.675,0.443,1
0.058,0.14,0.096,0.076,0.312,0.455,0.508,0.361,0.266,0.231,0.275,0.421,0.57,0.504,0.535,0.503,0.631,0.722,0.807,0.878,0.989,1.0,0.868,0.86,0.905,0.854,0.764,0.65,0.555,0.363,0.202,0.085,0.065,0.023,0.041,0.189,0.193,0.297,0.393,0.307,0.18,0.201,0.131,0.195,0.203,0.15,0.212,0.291,0.355,0.341,0.215,0.207,0.278,0.675,0.358,0.131,0.213,0.119,0.248,0.141,1
0.157,0.043,0.038,0.186,0.266,0.377,0.472,0.208,0.2,0.302,0.331,0.421,0.385,0.314,0.374,0.441,0.458,0.611,0.716,0.861,0.931,0.961,0.907,0.943,1.0,0.94,0.876,0.745,0.703,0.572,0.368,0.237,0.177,0.08,0.113,0.127,0.208,0.297,0.376,0.402,0.336,0.439,0.386,0.229,0.218,0.164,0.174,0.229,0.328,0.379,0.184,0.128,0.449,0.196,0.154,0.233,0.148,0.096,0.171,0.076,1
0.257,0.202,0.093,0.036,0.34,0.488,0.356,0.344,0.241,0.19,0.241,0.281,0.386,0.34,0.396,0.427,0.517,0.616,0.684,0.725,0.829,0.861,0.896,0.942,0.952,1.0,0.952,0.974,0.895,0.701,0.543,0.309,0.215,0.186,0.201,0.146,0.039,0.116,0.146,0.235,0.111,0.122,0.255,0.218,0.267,0.161,0.141,0.148,0.248,0.235,0.249,0.153,0.481,0.132,0.204,0.118,0.179,0.254,0.198,0.062,1
0.181,0.111,0.068,0.164,0.329,0.379,0.347,0.353,0.265,0.272,0.369,0.5,0.479,0.332,0.431,0.533,0.61,0.675,0.719,0.797,0.831,0.86,0.867,0.96,0.971,0.903,0.85,0.876,0.769,0.543,0.412,0.276,0.277,0.197,0.096,0.011,0.104,0.218,0.133,0.107,0.207,0.241,0.244,0.177,0.196,0.042,0.068,0.181,0.201,0.205,0.134,0.305,0.442,0.342,0.036,0.308,0.145,0.041,0.074,0.039,1
0.244,0.216,0.021,0.044,0.093,0.17,0.245,0.238,0.171,0.199,0.216,0.316,0.398,0.267,0.399,0.525,0.532,0.566,0.584,0.652,0.693,0.784,0.924,0.978,0.973,1.0,0.969,0.995,0.821,0.576,0.53,0.501,0.32,0.144,0.074,0.155,0.27,0.313,0.279,0.308,0.303,0.32,0.266,0.267,0.231,0.167,0.183,0.223,0.195,0.061,0.145,0.046,0.304,0.284,0.24,0.251,0.139,0.048,0.215,0.058,1
0.108,0.015,0.074,0.091,0.143,0.22,0.361,0.226,0.219,0.238,0.266,0.342,0.418,0.367,0.438,0.526,0.585,0.66,0.717,0.796,0.888,0.966,1.0,0.989,0.936,0.889,0.914,0.91,0.778,0.576,0.358,0.325,0.189,0.0,0.091,0.172,0.221,0.256,0.197,0.283,0.348,0.304,0.241,0.278,0.182,0.105,0.194,0.283,0.321,0.275,0.127,0.235,0.338,0.304,0.127,0.392,0.241,0.076,0.143,0.055,1
0.173,0.048,0.086,0.167,0.292,0.386,0.314,0.259,0.303,0.346,0.364,0.399,0.454,0.414,0.519,0.603,0.714,0.748,0.761,0.796,0.894,0.923,0.933,0.985,0.977,1.0,0.989,0.905,0.727,0.548,0.435,0.372,0.168,0.079,0.027,0.134,0.241,0.174,0.131,0.23,0.164,0.273,0.326,0.189,0.096,0.132,0.27,0.338,0.234,0.234,0.139,0.027,0.164,0.409,0.014,0.331,0.128,0.551,0.209,0.157,1
0.188,0.067,0.107,0.045,0.191,0.31,0.349,0.337,0.288,0.287,0.272,0.317,0.4,0.391,0.508,0.544,0.649,0.668,0.634,0.656,0.769,0.833,0.891,0.985,1.0,0.933,0.886,0.805,0.678,0.528,0.416,0.33,0.164,0.062,0.06,0.146,0.249,0.216,0.17,0.25,0.237,0.225,0.269,0.228,0.159,0.107,0.243,0.288,0.302,0.4,0.196,0.258,0.517,0.219,0.084,0.226,0.384,0.208,0.287,0.201,1
0.275,0.136,0.221,0.2,0.304,0.38,0.568,0.564,0.408,0.373,0.476,0.542,0.527,0.454,0.535,0.474,0.465,0.57,0.745,0.679,0.675,0.86,0.905,0.933,0.783,0.844,0.922,0.699,0.572,0.49,0.438,0.306,0.102,0.088,0.163,0.145,0.073,0.11,0.17,0.209,0.28,0.345,0.172,0.147,0.186,0.197,0.113,0.03,0.049,0.159,0.151,0.352,0.171,0.74,0.166,0.274,0.295,0.149,0.264,0.141,1
0.157,0.363,0.324,0.088,0.266,0.416,0.423,0.454,0.477,0.487,0.431,0.499,0.552,0.46,0.518,0.652,0.837,0.842,0.826,0.834,0.789,0.85,0.962,1.0,0.934,0.935,0.902,0.702,0.627,0.538,0.329,0.229,0.128,0.326,0.353,0.227,0.225,0.226,0.16,0.199,0.314,0.333,0.04,0.159,0.264,0.24,0.195,0.218,0.122,0.232,0.158,0.234,0.483,0.731,0.304,0.31,0.321,0.206,0.03,0.069,1
0.516,0.361,0.188,0.038,0.202,0.457,0.509,0.406,0.427,0.582,0.649,0.735,0.831,0.679,0.857,0.973,0.865,0.866,0.89,0.992,0.892,0.812,0.828,0.748,0.579,0.503,0.542,0.527,0.471,0.408,0.351,0.244,0.105,0.162,0.103,0.152,0.159,0.109,0.137,0.274,0.217,0.144,0.112,0.27,0.213,0.093,0.163,0.278,0.332,0.104,0.215,0.207,0.301,0.251,0.431,0.097,0.179,0.22,0.226,0.273,1
0.143,0.109,0.034,0.169,0.253,0.424,0.807,0.751,0.48,0.574,0.518,0.161,0.639,1.0,0.913,0.827,0.689,0.774,0.873,0.84,0.886,0.946,1.0,0.895,0.775,0.815,0.633,0.439,0.466,0.296,0.247,0.064,0.0,0.126,0.165,0.208,0.101,0.159,0.318,0.362,0.233,0.139,0.345,0.333,0.198,0.149,0.25,0.396,0.54,0.394,0.315,0.07,0.4,0.219,0.83,0.249,0.352,0.652,0.353,0.039,1
0.265,0.249,0.201,0.113,0.048,0.355,0.552,0.591,0.444,0.355,0.453,0.551,0.632,0.585,0.792,0.825,0.802,0.894,0.982,0.891,0.883,0.935,0.907,0.789,0.664,0.594,0.461,0.319,0.476,0.342,0.283,0.097,0.028,0.138,0.172,0.175,0.148,0.059,0.259,0.315,0.144,0.174,0.372,0.264,0.151,0.191,0.193,0.158,0.199,0.222,0.352,0.157,0.151,0.664,0.059,0.213,0.344,0.252,0.267,0.277,1
1.0,0.523,0.45,0.339,0.433,0.356,0.471,0.464,0.23,0.279,0.563,0.769,1.0,0.694,0.677,0.791,0.936,0.888,0.91,0.768,0.785,0.794,0.758,0.653,0.473,0.512,0.443,0.551,0.444,0.294,0.24,0.217,0.27,0.297,0.259,0.097,0.154,0.288,0.341,0.285,0.109,0.293,0.44,0.226,0.097,0.146,0.116,0.159,0.268,0.33,0.17,0.157,0.322,0.977,0.134,0.162,0.054,0.174,0.399,0.104,1
0.316,0.189,0.072,0.226,0.554,0.674,0.549,0.356,0.256,0.425,0.497,0.751,0.862,0.781,0.839,0.901,1.0,0.887,0.869,0.774,0.7,0.753,0.616,0.304,0.188,0.15,0.297,0.264,0.183,0.113,0.059,0.108,0.182,0.097,0.149,0.097,0.242,0.233,0.197,0.116,0.086,0.339,0.308,0.033,0.28,0.203,0.079,0.188,0.259,0.573,0.247,0.379,0.519,0.383,0.406,0.131,0.119,0.256,0.416,0.217,1
0.837,0.496,0.28,0.071,0.042,0.313,0.645,0.575,0.632,0.753,0.5,0.111,0.062,0.157,0.389,0.35,0.279,0.213,0.375,0.828,0.976,0.456,0.005,0.195,0.114,0.213,0.119,0.243,0.449,0.627,0.258,0.325,0.514,0.68,0.859,0.854,0.82,0.898,0.891,0.65,0.284,0.104,0.152,0.347,0.741,0.58,0.424,0.577,0.551,0.615,0.227,0.13,0.156,0.219,0.363,0.272,0.531,0.316,0.185,0.185,1
0.703,0.349,0.202,0.131,0.139,0.297,0.246,0.919,0.839,0.702,0.454,0.215,0.272,0.29,0.421,0.524,0.216,0.157,0.149,0.82,1.0,0.394,0.042,0.173,0.223,0.316,0.253,0.326,0.369,0.49,0.2,0.329,0.452,0.626,0.663,0.735,0.766,0.77,0.676,0.56,0.278,0.182,0.261,0.287,0.6,0.421,0.241,0.404,0.534,0.605,0.205,0.093,0.197,0.857,0.417,0.533,0.349,0.453,0.576,0.081,1
0.572,0.3,0.111,0.381,0.32,0.033,0.2,0.578,0.828,0.929,0.668,0.344,0.211,0.42,0.45,0.45,0.313,0.377,0.508,0.894,0.994,0.355,0.048,0.001,0.213,0.337,0.187,0.511,0.685,0.821,0.419,0.375,0.554,0.83,0.792,0.715,0.733,0.807,0.762,0.645,0.486,0.571,0.579,0.48,0.667,0.526,0.139,0.439,0.392,0.568,0.192,0.414,1.0,0.83,0.383,0.628,0.392,0.16,0.066,0.219,1
0.788,0.456,0.08,0.185,0.173,0.275,0.89,1.0,0.807,0.837,0.711,0.295,0.319,0.249,0.664,0.658,0.137,0.048,0.404,0.863,0.788,0.357,0.121,0.141,0.189,0.212,0.182,0.602,0.575,0.672,0.364,0.438,0.768,0.9,1.0,0.921,0.988,0.928,0.732,0.509,0.2,0.239,0.216,0.37,0.622,0.425,0.286,0.166,0.169,0.253,0.171,0.245,0.273,0.655,0.612,0.072,0.23,0.272,0.223,0.316,1
0.058,0.259,0.368,0.272,0.085,0.302,0.666,0.995,0.964,0.71,0.434,0.088,0.406,0.38,0.375,0.373,0.093,0.103,0.23,0.913,0.977,0.308,0.146,0.168,0.066,0.278,0.26,0.579,0.448,0.716,0.162,0.268,0.602,0.898,0.859,0.937,0.872,0.946,0.669,0.47,0.556,0.458,0.201,0.187,0.378,0.248,0.308,0.766,0.57,0.244,0.478,0.322,0.442,1.0,0.345,0.826,0.562,0.378,0.672,0.342,1
0.791,0.545,0.299,0.28,0.307,0.438,0.518,0.928,1.0,0.808,0.63,0.312,0.121,0.271,0.47,0.458,0.11,0.049,0.291,0.894,0.927,0.474,0.083,0.14,0.256,0.516,0.333,0.603,0.54,0.837,0.562,0.566,0.484,0.64,0.846,0.839,0.882,0.91,0.774,0.519,0.39,0.539,0.593,0.579,0.798,0.59,0.171,0.238,0.138,0.187,0.139,0.638,0.54,0.211,0.268,0.418,0.284,0.462,0.488,0.418,1
0.306,0.384,0.269,0.18,0.025,0.047,0.145,0.441,0.564,1.0,1.0,0.703,0.405,0.173,0.274,0.364,0.224,0.222,0.294,0.451,0.634,0.842,0.972,1.0,0.658,0.485,0.372,0.325,0.415,0.38,0.426,0.085,0.405,0.672,0.608,0.433,0.412,0.339,0.443,0.463,0.302,0.52,0.537,0.235,0.211,0.019,0.211,0.615,0.54,0.241,0.207,0.24,0.499,0.585,0.306,0.115,0.068,0.364,0.16,0.035,1
0.528,0.533,0.542,0.342,0.349,0.717,0.682,0.365,0.058,0.143,0.206,0.428,0.441,0.195,0.201,0.246,0.15,0.213,0.328,0.124,0.22,0.65,0.972,0.975,0.803,0.617,0.466,0.523,0.761,0.494,0.503,0.429,0.387,0.18,0.0,0.417,0.563,0.218,0.175,0.285,0.287,0.538,0.411,0.104,0.169,0.293,0.587,0.882,0.744,0.256,0.36,0.622,0.584,0.819,0.306,0.403,0.494,0.437,0.567,0.118,1
0.11,0.266,0.238,0.131,0.042,0.254,0.353,0.13,0.214,0.095,0.213,0.358,0.231,0.079,0.196,0.313,0.352,0.23,0.335,0.305,0.537,0.512,0.52,0.688,0.626,0.643,0.842,0.797,0.651,0.85,0.673,0.558,0.277,0.376,0.264,0.08,0.325,0.401,0.151,0.395,0.494,0.19,0.323,0.413,0.322,0.157,0.086,0.282,0.416,0.207,0.243,0.357,0.358,0.632,0.41,0.464,0.304,0.208,0.212,0.245,1
0.293,0.484,0.165,0.041,0.147,0.275,0.475,0.519,0.386,0.278,0.178,0.357,0.426,0.271,0.351,0.5,0.445,0.154,0.419,0.366,0.515,0.467,0.399,0.602,0.497,0.406,0.71,0.896,0.881,0.915,0.82,0.632,0.173,0.281,0.39,0.274,0.299,0.329,0.229,0.143,0.638,0.778,0.753,0.552,0.696,0.792,0.781,0.791,0.906,0.936,0.795,0.525,0.358,0.766,0.274,0.415,0.261,0.508,0.267,0.182,1
0.51,0.534,0.47,0.377,0.412,0.199,0.185,0.197,0.223,0.162,0.291,0.224,0.302,0.293,0.471,0.548,0.522,0.35,0.43,0.568,0.733,0.759,0.546,0.617,0.661,0.684,0.744,0.802,0.845,0.924,0.984,0.853,0.408,0.407,0.484,0.165,0.361,0.351,0.26,0.034,0.576,0.842,0.555,0.395,0.83,0.781,0.476,0.358,0.496,0.453,0.29,0.211,0.499,0.365,0.274,0.344,0.369,0.293,0.421,0.49,1
0.377,0.239,0.396,0.273,0.045,0.247,0.137,0.085,0.328,0.217,0.32,0.377,0.407,0.318,0.3,0.216,0.265,0.098,0.069,0.294,0.532,0.63,0.635,0.732,0.645,0.496,0.672,0.725,0.769,0.811,0.905,0.978,0.654,0.623,0.745,0.473,0.144,0.35,0.359,0.217,0.64,0.68,0.333,0.676,0.874,0.703,0.613,0.449,0.276,0.327,0.378,0.472,0.374,0.95,0.839,0.436,0.366,0.229,1.0,0.467,1
0.369,0.402,0.199,0.085,0.235,0.626,0.472,0.433,0.376,0.169,0.334,0.373,0.611,0.351,0.201,0.265,0.301,0.121,0.241,0.305,0.493,0.699,0.697,0.674,0.498,0.483,0.594,0.834,0.902,0.852,1.0,0.984,0.699,0.709,0.725,0.409,0.134,0.149,0.106,0.31,0.761,1.0,0.692,0.567,0.917,0.852,0.546,0.413,0.184,0.43,0.454,0.605,0.699,0.415,0.259,0.321,0.048,0.243,0.201,0.166,1
0.209,0.292,0.321,0.229,0.186,0.142,0.026,0.167,0.25,0.127,0.033,0.098,0.356,0.291,0.35,0.38,0.374,0.215,0.196,0.256,0.274,0.458,0.527,0.44,0.433,0.413,0.435,0.69,0.759,0.683,0.752,0.791,0.782,0.532,0.383,0.299,0.105,0.211,0.149,0.161,0.613,0.78,0.548,0.588,0.819,0.726,0.595,0.384,0.352,0.405,0.341,0.643,0.706,0.474,0.184,0.108,0.568,0.291,0.314,0.021,1
0.521,0.672,0.36,0.244,0.152,0.456,0.291,0.604,0.197,0.098,0.318,0.54,0.459,0.138,0.186,0.32,0.2,0.187,0.143,0.483,0.509,0.622,0.834,0.668,0.572,0.575,0.875,0.833,0.378,0.473,0.542,0.431,0.111,0.502,0.691,0.709,0.579,0.467,0.542,0.47,0.566,0.735,0.679,0.175,0.607,0.609,0.397,0.27,0.606,0.761,0.233,0.429,0.317,0.211,0.624,0.29,0.253,0.33,0.43,0.284,1
0.742,0.353,0.185,0.135,0.144,0.329,0.258,0.382,0.166,0.18,0.315,0.351,0.376,0.279,0.38,0.302,0.374,0.178,0.287,0.288,0.282,0.273,0.323,0.238,0.396,0.404,0.446,0.72,0.756,0.636,0.766,0.703,0.465,0.609,0.647,0.397,0.092,0.298,0.288,0.135,0.55,0.968,0.972,0.71,0.833,1.0,1.0,1.0,0.812,0.576,1.0,1.0,0.81,0.874,0.558,0.213,0.494,0.483,0.623,0.231,1
0.471,0.276,0.237,0.255,0.612,0.31,0.477,0.206,0.353,0.473,0.261,0.167,0.554,0.558,0.237,0.424,0.581,0.561,0.808,0.875,0.499,0.629,0.828,0.662,0.77,0.862,0.821,0.681,0.328,0.617,0.725,0.876,0.649,0.534,0.28,0.063,0.068,0.37,0.596,0.371,0.413,0.58,0.595,0.536,0.773,0.775,0.579,0.744,0.656,1.0,0.242,0.288,0.925,0.67,1.0,1.0,1.0,1.0,0.667,0.212,1
0.514,0.384,0.414,0.342,0.309,0.286,0.339,0.359,0.26,0.288,0.369,0.549,0.632,0.572,0.501,0.18,0.231,0.291,0.237,0.592,0.89,0.738,0.49,0.263,0.157,0.626,0.745,0.498,0.462,0.518,0.421,0.098,0.039,0.076,0.009,0.093,0.156,0.125,0.277,0.228,0.127,0.347,0.414,0.182,0.089,0.101,0.146,0.182,0.285,0.347,0.153,0.208,0.392,0.129,0.054,0.113,0.239,0.224,0.259,0.143,1
0.142,0.227,0.105,0.181,0.171,0.06,0.239,0.224,0.219,0.16,0.214,0.227,0.153,0.238,0.335,0.39,0.134,0.196,0.287,0.503,0.806,1.0,0.862,0.681,0.621,0.531,0.549,0.586,0.422,0.154,0.056,0.207,0.192,0.399,0.316,0.166,0.118,0.186,0.168,0.22,0.384,0.24,0.101,0.119,0.339,0.466,0.47,0.33,0.46,0.56,0.17,0.036,0.117,0.526,0.22,0.3,0.111,0.199,0.19,0.215,1
0.143,0.117,0.033,0.092,0.091,0.178,0.386,0.303,0.269,0.249,0.207,0.193,0.186,0.114,0.256,0.373,0.46,0.518,0.599,0.777,0.922,1.0,0.903,0.737,0.545,0.248,0.086,0.032,0.262,0.32,0.306,0.5,0.363,0.173,0.012,0.243,0.381,0.326,0.241,0.179,0.143,0.099,0.076,0.105,0.07,0.057,0.09,0.11,0.058,0.143,0.132,0.126,0.023,0.114,0.075,0.064,0.213,0.101,0.055,0.012,1
0.159,0.132,0.051,0.04,0.087,0.004,0.051,0.165,0.339,0.336,0.277,0.188,0.223,0.291,0.436,0.553,0.671,0.601,0.664,0.833,0.992,1.0,0.786,0.531,0.38,0.469,0.543,0.284,0.176,0.357,0.197,0.353,0.39,0.232,0.166,0.371,0.435,0.337,0.226,0.191,0.079,0.279,0.257,0.142,0.097,0.042,0.122,0.235,0.23,0.298,0.15,0.167,0.081,0.33,0.084,0.282,0.139,0.201,0.019,0.199,1
0.086,0.084,0.01,0.038,0.041,0.102,0.192,0.061,0.192,0.281,0.284,0.257,0.144,0.167,0.293,0.527,0.674,0.784,0.813,0.71,0.721,0.787,0.794,0.477,0.174,0.221,0.607,0.85,0.895,0.768,0.511,0.498,0.374,0.339,0.269,0.229,0.257,0.422,0.417,0.348,0.097,0.197,0.479,0.396,0.134,0.212,0.252,0.231,0.31,0.279,0.111,0.228,0.21,0.102,0.127,0.156,0.077,0.144,0.077,0.109,1
0.161,0.166,0.132,0.116,0.235,0.38,0.444,0.321,0.244,0.281,0.135,0.0,0.228,0.293,0.497,0.666,0.757,0.843,0.979,1.0,1.0,0.999,0.901,0.672,0.498,0.418,0.473,0.608,0.713,0.608,0.335,0.28,0.403,0.379,0.225,0.087,0.0,0.048,0.007,0.11,0.195,0.23,0.108,0.194,0.238,0.145,0.201,0.254,0.301,0.244,0.071,0.137,0.148,0.047,0.043,0.146,0.099,0.224,0.212,0.0,1
0.075,0.027,0.087,0.125,0.215,0.313,0.418,0.413,0.339,0.294,0.126,0.076,0.374,0.359,0.508,0.654,0.697,0.744,0.827,0.849,0.959,0.983,0.863,0.631,0.495,0.493,0.678,0.844,0.819,0.57,0.269,0.264,0.253,0.178,0.125,0.088,0.059,0.047,0.055,0.156,0.227,0.265,0.134,0.222,0.287,0.245,0.201,0.119,0.154,0.102,0.039,0.064,0.062,0.029,0.016,0.064,0.048,0.135,0.069,0.106,1
0.145,0.052,0.0,0.093,0.163,0.393,0.402,0.254,0.236,0.176,0.07,0.019,0.15,0.241,0.426,0.607,0.734,0.806,0.895,0.958,0.912,0.912,0.772,0.501,0.328,0.261,0.22,0.35,0.57,0.594,0.45,0.361,0.416,0.387,0.294,0.207,0.083,0.104,0.121,0.096,0.149,0.225,0.17,0.229,0.284,0.105,0.132,0.224,0.227,0.162,0.173,0.155,0.047,0.108,0.098,0.069,0.06,0.082,0.138,0.021,1
0.024,0.023,0.021,0.118,0.207,0.316,0.444,0.291,0.422,0.48,0.422,0.444,0.305,0.101,0.208,0.228,0.164,0.135,0.077,0.026,0.11,0.314,0.499,0.666,0.785,0.883,0.936,0.948,0.903,0.91,0.91,0.863,0.704,0.69,0.637,0.685,0.644,0.473,0.398,0.449,0.485,0.529,0.559,0.634,0.67,0.438,0.406,0.541,0.5,0.304,0.128,0.124,0.314,0.173,0.075,0.164,0.162,0.096,0.003,0.053,1
0.137,0.074,0.085,0.041,0.167,0.196,0.324,0.274,0.298,0.373,0.269,0.41,0.399,0.184,0.088,0.147,0.15,0.188,0.161,0.091,0.001,0.197,0.399,0.584,0.685,0.733,0.873,0.903,0.851,0.903,1.0,1.0,0.766,0.682,0.653,0.686,0.72,0.577,0.57,0.665,0.635,0.546,0.635,0.742,0.713,0.554,0.566,0.668,0.548,0.502,0.252,0.175,0.114,0.275,0.218,0.226,0.227,0.039,0.129,0.069,1
0.068,0.192,0.09,0.156,0.256,0.246,0.426,0.455,0.442,0.404,0.399,0.468,0.327,0.166,0.116,0.195,0.247,0.301,0.195,0.065,0.007,0.104,0.284,0.422,0.563,0.76,0.921,0.933,0.934,1.0,0.962,0.907,0.749,0.724,0.748,0.797,0.801,0.579,0.46,0.514,0.461,0.476,0.626,0.693,0.638,0.367,0.279,0.407,0.475,0.316,0.079,0.223,0.299,0.301,0.034,0.238,0.196,0.13,0.044,0.069,1
0.162,0.092,0.05,0.109,0.172,0.274,0.331,0.366,0.444,0.441,0.377,0.329,0.335,0.158,0.139,0.291,0.34,0.365,0.262,0.167,0.117,0.115,0.157,0.364,0.567,0.73,0.833,0.85,0.902,1.0,0.999,0.843,0.623,0.612,0.676,0.775,0.846,0.732,0.624,0.609,0.472,0.404,0.491,0.638,0.622,0.33,0.204,0.495,0.471,0.273,0.213,0.304,0.382,0.213,0.118,0.049,0.153,0.112,0.072,0.035,1
0.179,0.183,0.175,0.148,0.182,0.309,0.342,0.369,0.403,0.406,0.314,0.347,0.297,0.19,0.124,0.105,0.15,0.188,0.121,0.009,0.012,0.221,0.452,0.628,0.747,0.885,0.994,0.996,0.932,0.93,0.912,0.818,0.671,0.655,0.63,0.66,0.616,0.435,0.291,0.44,0.459,0.485,0.543,0.587,0.562,0.407,0.379,0.467,0.446,0.321,0.121,0.118,0.148,0.026,0.088,0.192,0.08,0.137,0.129,0.102,1
0.214,0.153,0.065,0.04,0.099,0.151,0.245,0.202,0.364,0.431,0.27,0.35,0.322,0.197,0.113,0.109,0.056,0.143,0.133,0.095,0.0,0.162,0.368,0.559,0.649,0.722,0.847,0.906,0.865,0.882,0.935,0.912,0.706,0.635,0.617,0.682,0.764,0.613,0.564,0.654,0.606,0.599,0.65,0.744,0.84,0.659,0.702,0.832,0.72,0.514,0.27,0.274,0.169,0.175,0.181,0.218,0.202,0.089,0.149,0.035,1
0.149,0.063,0.109,0.068,0.106,0.114,0.2,0.178,0.204,0.286,0.291,0.271,0.21,0.146,0.162,0.184,0.268,0.346,0.401,0.375,0.485,0.642,0.758,0.845,0.908,0.88,0.81,0.668,0.53,0.489,0.563,0.6,0.501,0.429,0.318,0.227,0.12,0.132,0.245,0.394,0.476,0.498,0.484,0.389,0.294,0.245,0.306,0.402,0.388,0.269,0.204,0.164,0.161,0.003,0.045,0.115,0.074,0.043,0.058,0.06,1
0.042,0.009,0.024,0.001,0.09,0.205,0.311,0.208,0.282,0.315,0.31,0.387,0.28,0.045,0.117,0.269,0.401,0.51,0.564,0.588,0.658,0.783,0.891,0.982,1.0,0.83,0.586,0.283,0.0,0.204,0.42,0.507,0.518,0.609,0.514,0.373,0.221,0.139,0.159,0.341,0.257,0.289,0.35,0.299,0.245,0.2,0.213,0.26,0.198,0.159,0.092,0.1,0.171,0.208,0.063,0.154,0.097,0.076,0.03,0.072,1
0.109,0.082,0.061,0.078,0.174,0.361,0.393,0.315,0.351,0.387,0.482,0.515,0.539,0.313,0.106,0.099,0.321,0.526,0.629,0.708,0.778,0.823,0.862,0.778,0.707,0.526,0.255,0.448,0.636,0.724,0.827,0.9,1.0,0.988,0.668,0.386,0.098,0.338,0.631,0.871,0.846,0.655,0.338,0.222,0.4,0.379,0.359,0.45,0.615,0.598,0.027,0.098,0.055,0.061,0.175,0.041,0.23,0.24,0.226,0.062,1
0.152,0.025,0.049,0.102,0.115,0.201,0.211,0.392,0.319,0.243,0.32,0.403,0.351,0.167,0.064,0.255,0.407,0.615,0.767,0.752,0.8,0.846,0.941,0.944,0.965,0.785,0.471,0.378,0.377,0.528,0.744,0.915,0.94,0.902,0.66,0.465,0.131,0.142,0.341,0.555,0.558,0.445,0.29,0.105,0.056,0.108,0.191,0.31,0.386,0.262,0.166,0.116,0.119,0.015,0.156,0.138,0.037,0.153,0.201,0.074,1
0.292,0.116,0.193,0.111,0.107,0.076,0.156,0.234,0.172,0.313,0.153,0.161,0.281,0.129,0.075,0.105,0.057,0.033,0.166,0.248,0.245,0.32,0.324,0.304,0.329,0.291,0.358,0.652,0.924,1.0,0.877,0.662,0.501,0.403,0.274,0.194,0.329,0.459,0.609,0.668,0.534,0.42,0.344,0.404,0.609,0.584,0.636,0.736,0.636,0.396,0.18,0.298,0.086,0.026,0.134,0.328,0.298,0.108,0.231,0.088,1
0.09,0.125,0.033,0.006,0.044,0.041,0.067,0.017,0.061,0.109,0.115,0.124,0.131,0.077,0.057,0.076,0.1,0.248,0.333,0.494,0.558,0.61,0.563,0.451,0.531,0.71,0.904,1.0,0.822,0.514,0.312,0.053,0.118,0.419,0.65,0.737,0.832,0.739,0.677,0.501,0.231,0.201,0.353,0.517,0.586,0.476,0.496,0.536,0.465,0.335,0.168,0.104,0.091,0.044,0.068,0.138,0.182,0.073,0.116,0.062,1
0.0,0.077,0.09,0.033,0.114,0.192,0.263,0.015,0.162,0.195,0.259,0.343,0.312,0.109,0.006,0.182,0.346,0.444,0.518,0.6,0.728,0.822,0.853,0.836,0.892,0.994,1.0,0.964,0.873,0.601,0.186,0.285,0.333,0.509,0.779,0.936,0.858,0.606,0.437,0.314,0.268,0.267,0.406,0.476,0.425,0.305,0.154,0.108,0.146,0.148,0.045,0.143,0.182,0.231,0.068,0.064,0.028,0.016,0.085,0.095,1
0.085,0.049,0.138,0.135,0.092,0.066,0.095,0.086,0.184,0.18,0.246,0.316,0.278,0.121,0.071,0.14,0.28,0.389,0.523,0.565,0.648,0.727,0.697,0.694,0.77,0.905,0.996,1.0,0.886,0.636,0.243,0.151,0.234,0.492,0.712,0.819,0.786,0.636,0.457,0.367,0.365,0.382,0.456,0.471,0.405,0.235,0.126,0.091,0.147,0.141,0.024,0.108,0.247,0.023,0.066,0.138,0.023,0.014,0.088,0.046,1
0.088,0.071,0.054,0.073,0.096,0.173,0.208,0.088,0.043,0.163,0.3,0.306,0.337,0.124,0.064,0.095,0.208,0.302,0.413,0.483,0.632,0.774,0.786,0.773,0.855,0.925,0.943,0.861,0.718,0.451,0.095,0.286,0.445,0.617,0.804,0.987,0.924,0.627,0.412,0.282,0.264,0.401,0.561,0.585,0.563,0.346,0.196,0.111,0.144,0.12,0.046,0.123,0.112,0.108,0.023,0.01,0.111,0.048,0.072,0.081,1
0.121,0.056,0.129,0.137,0.134,0.19,0.557,0.752,0.77,0.837,0.846,0.626,0.505,0.267,0.161,0.026,0.149,0.418,0.679,0.796,0.847,0.869,0.852,0.918,0.87,0.789,0.863,0.836,0.573,0.335,0.327,0.476,0.632,0.709,0.557,0.515,0.515,0.364,0.357,0.394,0.26,0.187,0.242,0.292,0.224,0.166,0.16,0.255,0.179,0.265,0.086,0.164,0.143,0.518,0.238,0.313,0.222,0.348,0.438,0.182,1
0.122,0.188,0.151,0.152,0.393,0.211,0.152,0.224,0.459,0.401,0.423,0.41,0.41,0.239,0.166,0.117,0.254,0.431,0.647,0.752,0.68,0.427,0.198,0.271,0.485,0.799,1.0,0.922,0.85,0.757,0.577,0.538,0.666,0.637,0.494,0.353,0.378,0.357,0.315,0.289,0.381,0.461,0.447,0.27,0.147,0.109,0.127,0.158,0.122,0.142,0.122,0.163,0.283,0.257,0.048,0.054,0.065,0.108,0.198,0.037,1
0.232,0.09,0.122,0.135,0.277,0.371,0.547,0.342,0.364,0.366,0.392,0.429,0.307,0.185,0.178,0.269,0.422,0.579,0.642,0.555,0.424,0.467,0.539,0.517,0.704,1.0,0.954,0.598,0.504,0.361,0.0,0.163,0.179,0.13,0.157,0.136,0.141,0.281,0.345,0.471,0.405,0.337,0.16,0.123,0.171,0.113,0.112,0.042,0.055,0.15,0.104,0.124,0.379,0.143,0.02,0.126,0.037,0.089,0.143,0.157,1
0.13,0.072,0.091,0.058,0.1,0.158,0.147,0.231,0.348,0.432,0.638,0.733,0.606,0.327,0.285,0.379,0.422,0.365,0.378,0.466,0.712,0.937,1.0,0.983,0.993,0.908,0.815,0.687,0.446,0.284,0.222,0.4,0.386,0.328,0.125,0.186,0.312,0.31,0.56,0.587,0.332,0.048,0.405,0.436,0.587,0.499,0.375,0.257,0.303,0.324,0.125,0.046,0.34,0.371,0.376,0.328,0.304,0.272,0.311,0.143,1
0.206,0.05,0.034,0.013,0.109,0.241,0.35,0.234,0.431,0.48,0.559,0.705,0.727,0.425,0.321,0.284,0.304,0.297,0.424,0.608,0.688,0.828,0.836,0.848,0.912,0.998,1.0,0.747,0.458,0.353,0.367,0.48,0.396,0.306,0.054,0.283,0.407,0.29,0.263,0.274,0.021,0.222,0.447,0.599,0.621,0.354,0.239,0.151,0.057,0.072,0.041,0.068,0.257,0.202,0.018,0.128,0.034,0.007,0.22,0.085,1
0.457,0.301,0.144,0.065,0.03,0.311,0.266,0.411,0.487,0.542,0.622,0.791,0.766,0.42,0.303,0.339,0.376,0.364,0.503,0.7,0.758,0.853,0.861,0.922,1.0,0.963,0.981,0.728,0.407,0.246,0.305,0.369,0.312,0.281,0.066,0.367,0.47,0.323,0.152,0.112,0.1,0.313,0.577,0.609,0.464,0.195,0.071,0.122,0.157,0.104,0.153,0.057,0.052,0.225,0.15,0.233,0.236,0.188,0.107,0.104,1
0.137,0.068,0.108,0.065,0.084,0.092,0.176,0.187,0.246,0.351,0.375,0.421,0.492,0.281,0.27,0.188,0.15,0.193,0.323,0.518,0.706,0.828,0.88,0.951,0.963,1.0,0.966,0.862,0.787,0.611,0.531,0.41,0.219,0.284,0.344,0.425,0.483,0.43,0.358,0.32,0.181,0.138,0.257,0.202,0.094,0.177,0.144,0.016,0.118,0.184,0.125,0.066,0.135,0.371,0.234,0.079,0.151,0.233,0.223,0.069,1
0.134,0.166,0.121,0.004,0.047,0.142,0.193,0.115,0.19,0.226,0.205,0.327,0.426,0.312,0.274,0.193,0.084,0.157,0.305,0.35,0.397,0.532,0.624,0.716,0.78,0.778,0.879,0.957,0.898,0.662,0.613,0.57,0.481,0.452,0.223,0.134,0.155,0.141,0.312,0.425,0.307,0.247,0.156,0.033,0.042,0.095,0.141,0.233,0.186,0.069,0.091,0.18,0.239,0.094,0.118,0.174,0.108,0.096,0.127,0.111,1
0.279,0.177,0.142,0.117,0.134,0.353,0.25,0.165,0.228,0.35,0.395,0.464,0.463,0.379,0.333,0.213,0.18,0.195,0.304,0.42,0.628,0.663,0.683,0.756,0.769,0.644,0.724,0.777,0.961,1.0,0.829,0.579,0.518,0.506,0.295,0.284,0.207,0.06,0.202,0.339,0.358,0.467,0.419,0.119,0.167,0.078,0.139,0.29,0.297,0.061,0.118,0.197,0.091,0.304,0.059,0.149,0.278,0.149,0.143,0.187,1
0.218,0.092,0.137,0.032,0.227,0.464,0.29,0.363,0.404,0.618,0.699,0.788,0.748,0.389,0.222,0.165,0.202,0.244,0.496,0.668,0.81,0.875,0.746,0.756,0.708,0.701,0.862,0.949,0.832,0.545,0.423,0.436,0.395,0.312,0.109,0.141,0.187,0.21,0.506,0.55,0.131,0.287,0.442,0.579,0.657,0.274,0.14,0.369,0.395,0.108,0.248,0.28,0.14,0.126,0.166,0.085,0.034,0.121,0.182,0.111,1
0.301,0.135,0.228,0.012,0.254,0.234,0.251,0.28,0.353,0.369,0.443,0.594,0.504,0.378,0.294,0.306,0.257,0.278,0.201,0.51,0.663,0.624,0.557,0.673,0.589,0.825,0.991,0.916,0.798,0.65,0.561,0.778,0.584,0.25,0.013,0.173,0.294,0.455,0.568,0.451,0.543,0.87,0.797,0.73,0.817,0.493,0.457,0.689,0.642,0.432,0.366,0.24,0.078,0.243,0.261,0.182,0.151,0.041,0.116,0.025,1
0.059,0.129,0.172,0.084,0.138,0.252,0.266,0.295,0.373,0.519,0.559,0.625,0.751,0.416,0.331,0.339,0.319,0.257,0.375,0.661,0.752,0.66,0.545,0.59,0.64,0.847,0.981,0.936,0.841,0.582,0.536,0.729,0.578,0.321,0.03,0.31,0.354,0.364,0.563,0.457,0.312,0.53,0.556,0.622,0.723,0.268,0.279,0.61,0.532,0.304,0.356,0.247,0.036,0.269,0.288,0.092,0.111,0.062,0.083,0.062,1
0.06,0.171,0.219,0.15,0.208,0.223,0.249,0.46,0.366,0.406,0.53,0.72,0.679,0.397,0.356,0.334,0.282,0.267,0.406,0.707,0.805,0.806,0.647,0.688,0.769,0.855,1.0,0.994,0.878,0.625,0.588,0.674,0.472,0.27,0.008,0.33,0.308,0.39,0.623,0.529,0.261,0.567,0.621,0.634,0.753,0.304,0.254,0.565,0.478,0.162,0.309,0.327,0.19,0.392,0.372,0.021,0.301,0.076,0.116,0.028,1
0.187,0.162,0.161,0.154,0.316,0.538,0.603,0.544,0.521,0.83,0.905,0.798,0.718,0.316,0.198,0.274,0.268,0.317,0.574,0.735,0.89,0.811,0.694,0.731,0.713,0.808,0.886,0.981,0.815,0.451,0.297,0.266,0.2,0.286,0.149,0.31,0.166,0.313,0.593,0.436,0.095,0.439,0.602,0.615,0.5,0.126,0.222,0.535,0.548,0.364,0.345,0.227,0.504,0.395,0.17,0.105,0.114,0.055,0.149,0.118,1
0.24,0.265,0.12,0.047,0.095,0.249,0.339,0.396,0.381,0.573,0.703,0.748,0.773,0.376,0.293,0.296,0.277,0.244,0.521,0.779,0.868,0.864,0.693,0.684,0.722,0.867,1.0,0.981,0.897,0.579,0.485,0.558,0.431,0.286,0.056,0.219,0.137,0.372,0.606,0.553,0.227,0.527,0.491,0.557,0.695,0.261,0.17,0.409,0.457,0.175,0.328,0.19,0.036,0.167,0.211,0.097,0.153,0.11,0.088,0.12,1
0.143,0.079,0.13,0.063,0.16,0.397,0.38,0.297,0.44,0.544,0.456,0.503,0.541,0.313,0.331,0.289,0.205,0.105,0.311,0.404,0.461,0.354,0.404,0.474,0.611,0.698,0.645,0.762,0.795,0.848,0.958,0.742,0.459,0.339,0.121,0.108,0.118,0.149,0.341,0.59,0.652,0.613,0.713,0.648,1.0,0.81,0.737,0.827,0.8,0.618,0.054,0.1,0.509,0.275,0.075,0.069,0.168,0.192,0.19,0.083,1
0.26,0.117,0.029,0.121,0.176,0.155,0.254,0.313,0.309,0.348,0.375,0.396,0.356,0.301,0.277,0.241,0.169,0.161,0.245,0.277,0.315,0.317,0.387,0.465,0.468,0.595,0.825,0.944,1.0,0.832,0.55,0.493,0.496,0.398,0.176,0.145,0.181,0.141,0.069,0.232,0.389,0.536,0.509,0.262,0.286,0.3,0.333,0.442,0.49,0.272,0.15,0.138,0.049,0.023,0.116,0.226,0.017,0.19,0.3,0.106,1
0.055,0.115,0.077,0.043,0.04,0.2,0.394,0.258,0.221,0.287,0.385,0.419,0.368,0.235,0.184,0.131,0.115,0.213,0.291,0.324,0.3,0.295,0.355,0.516,0.632,0.747,0.869,1.0,0.98,0.677,0.489,0.519,0.513,0.385,0.166,0.108,0.133,0.096,0.128,0.274,0.318,0.544,0.489,0.163,0.207,0.15,0.269,0.415,0.361,0.213,0.198,0.126,0.255,0.243,0.043,0.103,0.051,0.151,0.163,0.028,1
0.105,0.1,0.044,0.104,0.234,0.356,0.387,0.257,0.24,0.259,0.294,0.364,0.412,0.28,0.22,0.161,0.219,0.283,0.324,0.388,0.396,0.359,0.426,0.6,0.715,0.735,0.864,1.0,0.981,0.7,0.585,0.426,0.344,0.323,0.176,0.132,0.144,0.093,0.137,0.268,0.22,0.332,0.209,0.172,0.281,0.169,0.281,0.317,0.247,0.118,0.222,0.161,0.268,0.137,0.05,0.192,0.088,0.098,0.058,0.035,1
0.104,0.087,0.088,0.128,0.1,0.182,0.36,0.16,0.143,0.208,0.31,0.373,0.39,0.277,0.317,0.176,0.143,0.192,0.203,0.267,0.378,0.367,0.459,0.62,0.746,0.778,0.877,0.991,0.921,0.678,0.62,0.524,0.362,0.351,0.2,0.117,0.136,0.129,0.209,0.258,0.241,0.325,0.153,0.149,0.206,0.258,0.354,0.447,0.258,0.188,0.188,0.203,0.143,0.211,0.193,0.087,0.151,0.121,0.129,0.042,1
0.221,0.105,0.05,0.1,0.212,0.257,0.268,0.254,0.173,0.203,0.261,0.337,0.36,0.261,0.186,0.135,0.188,0.212,0.262,0.287,0.345,0.382,0.495,0.684,0.782,0.817,0.916,1.0,0.898,0.622,0.598,0.444,0.265,0.221,0.168,0.085,0.162,0.141,0.219,0.249,0.25,0.382,0.218,0.087,0.169,0.251,0.34,0.334,0.156,0.173,0.137,0.143,0.148,0.099,0.15,0.008,0.145,0.073,0.0,0.113,1
0.03,0.112,0.068,0.12,0.22,0.281,0.182,0.207,0.237,0.25,0.311,0.363,0.396,0.244,0.185,0.127,0.174,0.233,0.24,0.288,0.35,0.387,0.482,0.678,0.743,0.762,0.897,1.0,0.887,0.628,0.61,0.456,0.259,0.161,0.129,0.073,0.155,0.104,0.214,0.21,0.186,0.332,0.178,0.088,0.094,0.228,0.327,0.373,0.26,0.053,0.184,0.091,0.13,0.187,0.141,0.205,0.097,0.048,0.091,0.002,1
0.139,0.049,0.12,0.017,0.119,0.207,0.267,0.176,0.157,0.234,0.271,0.364,0.277,0.15,0.202,0.165,0.1,0.196,0.196,0.262,0.358,0.349,0.45,0.645,0.776,0.823,0.914,0.976,0.892,0.683,0.656,0.524,0.36,0.296,0.137,0.091,0.202,0.193,0.249,0.222,0.241,0.378,0.273,0.128,0.084,0.266,0.351,0.324,0.17,0.215,0.208,0.18,0.231,0.108,0.088,0.097,0.071,0.076,0.033,0.023,1
0.278,0.044,0.083,0.047,0.087,0.105,0.276,0.361,0.301,0.337,0.339,0.412,0.386,0.208,0.114,0.2,0.177,0.192,0.289,0.393,0.481,0.585,0.69,0.758,0.885,0.968,0.987,0.981,0.946,0.845,0.651,0.336,0.352,0.317,0.113,0.036,0.097,0.171,0.135,0.101,0.082,0.251,0.313,0.21,0.109,0.099,0.165,0.243,0.25,0.122,0.089,0.107,0.195,0.047,0.166,0.097,0.193,0.094,0.058,0.018,1
0.084,0.058,0.097,0.075,0.178,0.184,0.17,0.232,0.252,0.305,0.304,0.425,0.435,0.273,0.222,0.222,0.186,0.266,0.463,0.586,0.74,0.767,0.728,0.864,0.929,0.982,1.0,0.958,0.87,0.666,0.482,0.323,0.277,0.186,0.081,0.024,0.044,0.054,0.073,0.138,0.035,0.173,0.319,0.359,0.385,0.313,0.329,0.355,0.276,0.265,0.203,0.165,0.229,0.181,0.029,0.059,0.145,0.032,0.063,0.053,1
0.026,0.005,0.084,0.093,0.226,0.196,0.229,0.257,0.282,0.31,0.316,0.476,0.45,0.241,0.176,0.193,0.202,0.329,0.602,0.707,0.826,0.823,0.827,0.939,0.95,0.978,0.997,1.0,0.902,0.617,0.368,0.281,0.164,0.153,0.158,0.107,0.043,0.058,0.026,0.034,0.025,0.124,0.247,0.287,0.313,0.311,0.32,0.329,0.282,0.172,0.28,0.224,0.132,0.0,0.048,0.149,0.06,0.137,0.044,0.051,1
0.259,0.178,0.161,0.046,0.134,0.04,0.25,0.206,0.199,0.248,0.274,0.353,0.335,0.208,0.153,0.173,0.211,0.309,0.499,0.645,0.765,0.788,0.782,0.911,0.949,0.982,1.0,0.946,0.821,0.601,0.403,0.315,0.229,0.21,0.14,0.048,0.065,0.137,0.089,0.127,0.003,0.155,0.301,0.318,0.279,0.272,0.284,0.276,0.277,0.235,0.165,0.177,0.057,0.035,0.12,0.031,0.062,0.032,0.072,0.048,1
0.164,0.134,0.134,0.081,0.183,0.178,0.229,0.24,0.225,0.277,0.335,0.42,0.316,0.17,0.14,0.16,0.148,0.257,0.478,0.59,0.749,0.808,0.766,0.876,0.878,0.942,1.0,0.973,0.842,0.59,0.416,0.31,0.251,0.191,0.101,0.019,0.025,0.091,0.074,0.105,0.0,0.139,0.267,0.265,0.267,0.281,0.311,0.32,0.241,0.206,0.185,0.126,0.171,0.216,0.073,0.056,0.071,0.023,0.094,0.125,1
0.074,0.316,0.116,0.04,0.002,0.119,0.291,0.224,0.242,0.309,0.409,0.388,0.356,0.21,0.186,0.166,0.202,0.347,0.603,0.707,0.782,0.8,0.795,0.915,0.931,0.952,1.0,0.981,0.866,0.614,0.383,0.319,0.248,0.233,0.215,0.119,0.037,0.033,0.113,0.148,0.009,0.05,0.191,0.224,0.221,0.226,0.214,0.216,0.162,0.068,0.201,0.19,0.255,0.263,0.063,0.056,0.097,0.094,0.154,0.067,1
0.086,0.163,0.103,0.005,0.166,0.333,0.431,0.407,0.375,0.44,0.451,0.513,0.413,0.17,0.136,0.199,0.25,0.436,0.63,0.695,0.79,0.788,0.872,1.0,0.986,0.942,0.945,0.929,0.83,0.597,0.359,0.272,0.164,0.21,0.205,0.126,0.019,0.024,0.11,0.146,0.056,0.122,0.212,0.247,0.296,0.32,0.356,0.389,0.32,0.222,0.136,0.203,0.184,0.064,0.07,0.172,0.105,0.014,0.039,0.182,1
0.236,0.108,0.126,0.122,0.117,0.266,0.453,0.359,0.265,0.364,0.411,0.486,0.422,0.174,0.175,0.268,0.261,0.373,0.537,0.672,0.786,0.739,0.81,0.924,0.878,0.869,0.927,0.995,0.856,0.581,0.376,0.231,0.123,0.098,0.075,0.0,0.038,0.058,0.055,0.11,0.059,0.118,0.254,0.291,0.258,0.276,0.306,0.311,0.253,0.165,0.129,0.16,0.088,0.126,0.127,0.108,0.119,0.043,0.011,0.058,1
0.19,0.159,0.155,0.188,0.269,0.269,0.356,0.503,0.45,0.555,0.518,0.45,0.395,0.153,0.171,0.191,0.18,0.239,0.204,0.127,0.241,0.609,0.79,0.827,0.84,0.834,0.913,1.0,0.787,0.507,0.653,0.685,0.471,0.208,0.078,0.036,0.148,0.166,0.159,0.108,0.155,0.065,0.083,0.179,0.091,0.08,0.116,0.313,0.37,0.333,0.145,0.118,0.104,0.096,0.084,0.241,0.145,0.11,0.176,0.224,1
0.127,0.146,0.05,0.028,0.083,0.411,0.54,0.361,0.334,0.368,0.4,0.395,0.301,0.074,0.178,0.207,0.247,0.258,0.162,0.116,0.381,0.681,0.801,0.842,0.889,0.923,0.999,1.0,0.808,0.595,0.606,0.578,0.387,0.134,0.064,0.053,0.068,0.107,0.138,0.118,0.097,0.12,0.256,0.173,0.128,0.149,0.275,0.408,0.433,0.352,0.202,0.154,0.242,0.553,0.061,0.249,0.176,0.256,0.529,0.349,1
0.227,0.041,0.093,0.12,0.176,0.23,0.259,0.212,0.141,0.292,0.396,0.467,0.404,0.116,0.121,0.14,0.161,0.213,0.171,0.186,0.291,0.586,0.82,0.902,0.989,0.99,0.942,1.0,0.908,0.724,0.786,0.754,0.507,0.203,0.072,0.123,0.088,0.088,0.147,0.025,0.139,0.094,0.149,0.218,0.136,0.011,0.143,0.376,0.327,0.217,0.051,0.076,0.229,0.365,0.129,0.151,0.088,0.066,0.168,0.141,1
0.374,0.185,0.054,0.056,0.072,0.287,0.331,0.248,0.175,0.345,0.344,0.313,0.244,0.073,0.065,0.136,0.142,0.204,0.154,0.079,0.28,0.58,0.749,0.844,0.941,0.998,0.968,1.0,0.861,0.678,0.789,0.775,0.496,0.167,0.089,0.138,0.078,0.11,0.164,0.023,0.131,0.033,0.069,0.169,0.129,0.104,0.192,0.301,0.27,0.285,0.154,0.217,0.062,0.12,0.127,0.218,0.389,0.309,0.209,0.058,1
0.212,0.149,0.156,0.131,0.025,0.336,0.387,0.236,0.277,0.32,0.37,0.377,0.201,0.0,0.064,0.13,0.178,0.236,0.246,0.389,0.545,0.692,0.708,0.756,0.922,1.0,0.998,0.825,0.699,0.695,0.699,0.512,0.221,0.08,0.057,0.029,0.134,0.15,0.103,0.08,0.015,0.16,0.201,0.199,0.188,0.135,0.228,0.286,0.247,0.292,0.042,0.111,0.106,0.339,0.068,0.079,0.088,0.174,0.096,0.097,1
0.181,0.153,0.04,0.051,0.037,0.063,0.168,0.297,0.262,0.32,0.345,0.323,0.213,0.006,0.127,0.157,0.189,0.291,0.339,0.417,0.547,0.734,0.795,0.881,0.942,1.0,0.934,0.753,0.708,0.825,0.778,0.468,0.13,0.142,0.145,0.18,0.252,0.138,0.062,0.071,0.056,0.247,0.324,0.24,0.205,0.202,0.179,0.012,0.078,0.141,0.18,0.197,0.322,0.108,0.075,0.146,0.105,0.076,0.165,0.252,1
